time,W,usage_c0,usage_c1,usage_c2,usage_c3,usage_c4,usage_c5,usage_c6,usage_c7,temp4,temp5,temp6,temp7,
1644439973.2520738,0.0,0.045,0.0,0.0,0.0,0.0,0.015,0.006999999999999999,0.006999999999999999,28.0,30.0,30.0,30.0,
1644439973.452354,0.0,0.053,0.0,0.0,0.0,0.05,0.095,0.048,0.0,28.0,30.0,30.0,30.0,
1644439973.6526284,0.0,0.15,0.0,0.0,0.0,0.0,0.0,0.105,0.0,28.0,31.0,32.0,30.0,
1644439973.8528981,0.0,0.263,0.0,0.0,0.0,0.0,0.0,0.059000000000000004,0.095,28.0,31.0,31.0,31.0,
1644439974.0531583,2.989,0.0,0.0,0.0,0.048,0.0,0.0,0.0,0.0,28.0,31.0,30.0,30.0,
1644439974.2534199,2.989,0.095,0.0,0.0,0.048,0.0,0.0,0.0,0.0,28.0,30.0,30.0,30.0,
1644439974.4536796,2.989,0.0,0.0,0.0,0.0,0.0,0.0,0.0,0.048,28.0,30.0,30.0,30.0,
1644439974.6539357,2.989,0.05,0.0,0.0,0.0,0.0,0.0,0.0,0.0,28.0,30.0,30.0,30.0,
1644439974.8542006,2.989,0.05,0.0,0.0,0.048,0.0,0.0,0.0,0.095,28.0,30.0,30.0,30.0,
1644439975.05446,2.523,0.053,0.0,0.048,0.0,0.0,0.0,0.048,0.0,28.0,30.0,30.0,30.0,
1644439975.254725,2.523,0.05,0.0,0.0,0.0,0.0,0.0,0.0,0.0,28.0,30.0,30.0,30.0,
1644439975.4549975,2.523,0.0,0.0,0.0,0.0,0.0,0.0,0.0,0.0,28.0,30.0,30.0,30.0,
1644439975.6552634,2.523,0.048,0.0,0.0,0.0,0.0,0.0,0.0,0.0,28.0,30.0,30.0,30.0,
1644439975.8555353,2.523,0.0,0.0,0.0,0.0,0.0,0.0,0.0,0.0,28.0,30.0,30.0,30.0,
1644439976.0558,2.523,0.0,0.0,0.0,0.0,0.0,0.0,0.0,0.0,28.0,30.0,29.0,30.0,
1644439976.256064,2.47,0.05,0.0,0.0,0.0,0.0,0.0,0.0,0.0,28.0,30.0,29.0,30.0,
1644439976.4563346,2.47,0.095,0.0,0.0,0.05,0.3,0.048,0.35,0.05,37.0,32.0,32.0,31.0,
1644439976.6566052,2.47,0.0,0.0,0.05,0.0,1.0,0.0,0.0,0.0,43.0,34.0,32.0,32.0,
1644439976.856891,2.47,0.095,0.0,0.0,0.0,1.0,0.0,0.0,0.0,45.0,36.0,33.0,33.0,
1644439977.0571609,2.47,0.0,0.0,0.0,0.0,1.0,0.0,0.048,0.0,45.0,36.0,34.0,34.0,
1644439977.2574317,5.225,0.0,0.0,0.0,0.095,1.0,0.0,0.0,0.05,46.0,37.0,34.0,34.0,
1644439977.4576993,5.225,0.095,0.0,0.0,0.048,1.0,0.0,0.0,0.0,46.0,37.0,35.0,35.0,
1644439977.657966,5.225,0.1,0.0,0.0,0.0,1.0,0.0,0.0,0.048,47.0,38.0,35.0,35.0,
1644439977.8582408,5.225,0.0,0.0,0.0,0.048,1.0,0.0,0.0,0.05,47.0,38.0,35.0,35.0,
1644439978.0585155,5.073,0.095,0.0,0.048,0.0,1.0,0.0,0.0,0.0,47.0,38.0,36.0,35.0,
1644439978.258784,5.073,0.0,0.0,0.0,0.0,1.0,0.0,0.0,0.0,47.0,38.0,36.0,35.0,
1644439978.4590502,5.073,0.0,0.0,0.0,0.0,1.0,0.05,0.0,0.0,47.0,39.0,36.0,36.0,
1644439978.6593127,5.073,0.095,0.0,0.0,0.0,1.0,0.0,0.05,0.0,48.0,39.0,36.0,36.0,
1644439978.859591,5.073,0.0,0.0,0.0,0.0,1.0,0.048,0.091,0.0,48.0,39.0,37.0,36.0,
1644439979.05986,5.073,0.0,0.0,0.048,0.0,1.0,0.0,0.0,0.0,48.0,39.0,37.0,36.0,
1644439979.2601242,5.199,0.091,0.0,0.0,0.0,1.0,0.0,0.05,0.0,48.0,39.0,37.0,36.0,
1644439979.4603996,5.199,0.0,0.0,0.0,0.0,1.0,0.0,0.091,0.0,48.0,39.0,37.0,36.0,
1644439979.6606658,5.199,0.0,0.0,0.0,0.048,1.0,0.0,0.0,0.0,48.0,39.0,37.0,36.0,
1644439979.8609457,5.199,0.095,0.0,0.0,0.0,1.0,0.048,0.0,0.0,48.0,40.0,37.0,36.0,
1644439980.0612154,5.191,0.0,0.0,0.0,0.048,1.0,0.0,0.0,0.05,48.0,40.0,37.0,36.0,
1644439980.261483,5.191,0.0,0.0,0.0,0.0,1.0,0.0,0.0,0.0,49.0,40.0,37.0,36.0,
1644439980.4617493,5.191,0.048,0.0,0.0,0.0,1.0,0.0,0.0,0.048,49.0,40.0,37.0,37.0,
1644439980.662009,5.191,0.05,0.0,0.0,0.0,1.0,0.0,0.0,0.0,49.0,40.0,37.0,37.0,
1644439980.862284,5.191,0.0,0.0,0.0,0.048,1.0,0.0,0.0,0.0,49.0,40.0,37.0,37.0,
1644439981.0625448,5.191,0.0,0.0,0.0,0.0,1.0,0.048,0.0,0.0,49.0,40.0,37.0,37.0,
1644439981.2628045,5.172,0.05,0.0,0.0,0.0,1.0,0.0,0.0,0.0,49.0,40.0,38.0,37.0,
1644439981.4630659,5.172,0.0,0.0,0.0,0.0,1.0,0.0,0.0,0.0,49.0,40.0,38.0,37.0,
1644439981.6633265,5.172,0.048,0.0,0.0,0.0,1.0,0.0,0.0,0.0,49.0,40.0,38.0,37.0,
1644439981.8635926,5.172,0.0,0.0,0.0,0.0,1.0,0.0,0.05,0.0,49.0,40.0,38.0,37.0,
1644439982.0638623,5.172,0.05,0.0,0.0,0.0,1.0,0.0,0.0,0.0,49.0,40.0,38.0,37.0,
1644439982.264125,5.172,0.05,0.0,0.048,0.0,1.0,0.0,0.0,0.0,49.0,41.0,38.0,37.0,
1644439982.4643955,5.206,0.095,0.0,0.0,0.0,1.0,0.0,0.0,0.048,49.0,41.0,38.0,37.0,
1644439982.664658,5.206,0.0,0.0,0.0,0.0,1.0,0.0,0.0,0.0,49.0,41.0,38.0,37.0,
1644439982.8649278,5.206,0.0,0.0,0.0,0.048,1.0,0.0,0.0,0.0,49.0,41.0,38.0,37.0,
1644439983.0651886,5.038,0.05,0.0,0.0,0.048,1.0,0.048,0.0,0.0,50.0,41.0,38.0,37.0,
1644439983.2654545,5.038,0.053,0.0,0.0,0.0,1.0,0.0,0.0,0.0,50.0,41.0,38.0,37.0,
1644439983.4657223,5.038,0.095,0.0,0.0,0.0,1.0,0.0,0.0,0.0,50.0,41.0,38.0,37.0,
1644439983.6659863,5.038,0.0,0.0,0.0,0.0,1.0,0.048,0.0,0.05,50.0,41.0,38.0,37.0,
1644439983.8662586,5.038,0.095,0.0,0.0,0.048,1.0,0.048,0.0,0.0,50.0,41.0,38.0,38.0,
1644439984.0665364,5.038,0.0,0.0,0.0,0.0,1.0,0.0,0.0,0.0,50.0,41.0,38.0,38.0,
1644439984.2668064,5.271,0.0,0.0,0.0,0.0,1.0,0.0,0.0,0.0,50.0,41.0,38.0,38.0,
1644439984.4670608,5.271,0.095,0.0,0.0,0.0,1.0,0.0,0.0,0.0,50.0,41.0,38.0,38.0,
1644439984.667316,5.271,0.0,0.0,0.0,0.0,1.0,0.0,0.0,0.0,50.0,41.0,38.0,38.0,
1644439984.8675818,5.271,0.0,0.0,0.0,0.0,1.0,0.0,0.0,0.0,50.0,41.0,38.0,38.0,
1644439985.067851,5.271,0.05,0.0,0.0,0.0,1.0,0.095,0.05,0.0,50.0,41.0,38.0,38.0,
1644439985.2681208,5.263,0.05,0.0,0.0,0.0,1.0,0.0,0.048,0.0,50.0,41.0,38.0,38.0,
1644439985.4683893,5.263,0.0,0.0,0.0,0.0,1.0,0.0,0.0,0.0,50.0,41.0,39.0,38.0,
1644439985.668644,5.263,0.095,0.0,0.0,0.0,1.0,0.0,0.0,0.0,50.0,41.0,38.0,38.0,
1644439985.8689132,5.263,0.0,0.0,0.0,0.0,1.0,0.0,0.05,0.0,50.0,41.0,39.0,38.0,
1644439986.0691822,5.267,0.05,0.0,0.05,0.0,1.0,0.048,0.0,0.0,50.0,41.0,39.0,38.0,
1644439986.269445,5.267,0.05,0.0,0.0,0.0,1.0,0.05,0.0,0.0,50.0,41.0,38.0,38.0,
1644439986.4697027,5.267,0.05,0.0,0.0,0.0,1.0,0.048,0.0,0.0,50.0,41.0,39.0,38.0,
1644439986.6699624,5.267,0.0,0.0,0.0,0.0,1.0,0.0,0.0,0.0,50.0,41.0,39.0,38.0,
1644439986.8702383,5.267,0.0,0.0,0.0,0.05,1.0,0.05,0.0,0.0,50.0,41.0,39.0,38.0,
1644439987.070497,5.267,0.0,0.0,0.0,0.0,1.0,0.048,0.0,0.0,50.0,42.0,39.0,38.0,
1644439987.2707694,5.241,0.095,0.0,0.048,0.0,1.0,0.0,0.0,0.0,50.0,41.0,39.0,38.0,
1644439987.4710364,5.241,0.0,0.0,0.0,0.0,1.0,0.0,0.0,0.0,50.0,41.0,39.0,38.0,
1644439987.6712897,5.241,0.0,0.0,0.0,0.0,1.0,0.0,0.0,0.0,50.0,41.0,39.0,38.0,
1644439987.8715599,5.241,0.0,0.0,0.0,0.0,1.0,0.0,0.0,0.0,50.0,41.0,39.0,38.0,
1644439988.0718172,5.241,0.048,0.0,0.0,0.0,1.0,0.0,0.0,0.0,50.0,41.0,39.0,38.0,
1644439988.2720752,5.241,0.0,0.0,0.0,0.0,1.0,0.0,0.0,0.0,50.0,41.0,39.0,38.0,
1644439988.472335,5.241,0.0,0.0,0.0,0.0,1.0,0.0,0.0,0.0,50.0,41.0,39.0,38.0,
1644439988.672606,5.183,0.048,0.091,0.0,0.0,1.0,0.0,0.0,0.0,50.0,41.0,39.0,38.0,
1644439988.8728828,5.183,0.1,0.0,0.0,0.048,1.0,0.0,0.0,0.0,50.0,41.0,39.0,38.0,
1644439989.0731418,5.183,0.0,0.0,0.0,0.0,1.0,0.0,0.0,0.0,50.0,41.0,39.0,38.0,
1644439989.2734022,5.241,0.0,0.0,0.0,0.0,1.0,0.05,0.0,0.0,50.0,41.0,39.0,38.0,
1644439989.4736655,5.241,0.0,0.0,0.0,0.048,1.0,0.0,0.0,0.0,50.0,41.0,39.0,38.0,
1644439989.6739225,5.241,0.05,0.0,0.048,0.0,1.0,0.0,0.0,0.0,50.0,42.0,39.0,38.0,
1644439989.8741968,5.241,0.05,0.0,0.05,0.048,1.0,0.095,0.091,0.05,50.0,42.0,39.0,38.0,
1644439990.0744586,5.241,0.05,0.0,0.1,0.0,1.0,0.0,0.0,0.048,50.0,42.0,39.0,38.0,
1644439990.274722,5.241,0.1,0.0,0.19,0.0,1.0,0.0,0.05,0.095,50.0,42.0,39.0,38.0,
1644439990.4749827,5.286,0.0,0.0,0.053,0.0,1.0,0.0,0.0,0.0,50.0,42.0,39.0,38.0,
1644439990.675242,5.286,0.0,0.0,0.15,0.0,1.0,0.048,0.0,0.0,50.0,41.0,39.0,38.0,
1644439990.8755176,5.286,0.095,0.0,0.0,0.0,1.0,0.0,0.0,0.048,50.0,42.0,39.0,38.0,
1644439991.075781,5.279,0.05,0.048,0.0,0.0,1.0,0.05,0.048,0.0,50.0,42.0,39.0,38.0,
1644439991.2760477,5.279,0.05,0.0,0.0,0.0,1.0,0.0,0.0,0.0,50.0,42.0,39.0,38.0,
1644439991.476311,5.279,0.0,0.0,0.0,0.0,1.0,0.0,0.0,0.0,50.0,42.0,39.0,38.0,
1644439991.676564,5.279,0.0,0.0,0.0,0.0,1.0,0.0,0.0,0.0,51.0,42.0,39.0,38.0,
1644439991.8768327,5.279,0.05,0.0,0.0,0.0,1.0,0.0,0.0,0.048,51.0,42.0,39.0,38.0,
1644439992.0770967,5.279,0.0,0.0,0.0,0.05,1.0,0.0,0.0,0.0,51.0,42.0,39.0,38.0,
1644439992.2773578,5.279,0.0,0.0,0.0,0.048,1.0,0.05,0.048,0.0,51.0,42.0,39.0,38.0,
1644439992.4776263,5.199,0.1,0.0,0.0,0.0,1.0,0.048,0.0,0.0,51.0,42.0,39.0,38.0,
1644439992.6778934,5.199,0.0,0.0,0.0,0.0,1.0,0.0,0.0,0.0,51.0,42.0,39.0,38.0,
1644439992.8781695,5.199,0.05,0.0,0.0,0.0,1.0,0.048,0.0,0.05,51.0,42.0,39.0,38.0,
1644439993.0784404,5.092,0.05,0.0,0.0,0.0,1.0,0.0,0.0,0.0,51.0,42.0,39.0,38.0,
1644439993.2787125,5.092,0.05,0.0,0.0,0.0,1.0,0.0,0.0,0.048,51.0,42.0,39.0,38.0,
1644439993.478982,5.092,0.0,0.0,0.0,0.0,1.0,0.0,0.0,0.0,51.0,42.0,39.0,38.0,
1644439993.679249,5.092,0.095,0.0,0.0,0.0,1.0,0.0,0.0,0.0,51.0,42.0,39.0,39.0,
1644439993.8795228,5.092,0.0,0.0,0.0,0.0,1.0,0.0,0.0,0.0,51.0,42.0,39.0,38.0,
1644439994.0797954,5.092,0.05,0.0,0.0,0.0,1.0,0.0,0.0,0.0,51.0,42.0,39.0,38.0,
1644439994.2800703,5.248,0.05,0.0,0.0,0.0,1.0,0.048,0.0,0.0,51.0,42.0,39.0,39.0,
1644439994.4803293,5.248,0.0,0.0,0.0,0.048,1.0,0.0,0.0,0.0,51.0,42.0,39.0,38.0,
1644439994.680592,5.248,0.048,0.0,0.0,0.0,1.0,0.0,0.0,0.0,51.0,42.0,39.0,39.0,
1644439994.8808699,5.248,0.0,0.0,0.0,0.0,1.0,0.0,0.0,0.0,51.0,42.0,39.0,39.0,
1644439995.0811355,5.252,0.0,0.0,0.0,0.048,1.0,0.048,0.0,0.0,51.0,42.0,39.0,39.0,
1644439995.2814057,5.252,0.095,0.0,0.0,0.0,1.0,0.0,0.0,0.0,51.0,42.0,39.0,39.0,
1644439995.4816608,5.252,0.0,0.0,0.0,0.048,1.0,0.0,0.048,0.0,51.0,42.0,39.0,39.0,
1644439995.6819165,5.252,0.095,0.0,0.0,0.0,1.0,0.048,0.0,0.0,51.0,42.0,39.0,39.0,
1644439995.8821886,5.252,0.0,0.0,0.0,0.048,1.0,0.091,0.05,0.0,51.0,42.0,39.0,39.0,
1644439996.0824573,5.252,0.0,0.0,0.0,0.0,1.0,0.05,0.048,0.0,51.0,42.0,39.0,39.0,
1644439996.2827308,5.267,0.05,0.0,0.0,0.0,1.0,0.0,0.0,0.05,51.0,42.0,39.0,39.0,
1644439996.4829917,5.267,0.0,0.0,0.0,0.0,1.0,0.0,0.0,0.0,51.0,42.0,39.0,39.0,
1644439996.6832461,5.267,0.0,0.0,0.0,0.048,1.0,0.0,0.0,0.0,51.0,42.0,39.0,38.0,
1644439996.8835213,5.267,0.095,0.0,0.0,0.0,1.0,0.0,0.0,0.048,51.0,42.0,40.0,39.0,
1644439997.0837848,5.267,0.0,0.0,0.0,0.0,1.0,0.0,0.0,0.0,51.0,42.0,39.0,39.0,
1644439997.284062,5.267,0.0,0.0,0.0,0.0,1.0,0.0,0.0,0.048,51.0,42.0,40.0,39.0,
1644439997.4843173,5.267,0.095,0.048,0.0,0.0,1.0,0.0,0.0,0.0,51.0,42.0,39.0,39.0,
1644439997.684572,5.267,0.0,0.0,0.0,0.0,1.0,0.0,0.0,0.0,51.0,42.0,39.0,39.0,
1644439997.8848426,5.267,0.05,0.0,0.0,0.0,1.0,0.0,0.0,0.0,51.0,42.0,40.0,39.0,
1644439998.0851035,5.267,0.0,0.0,0.0,0.0,1.0,0.0,0.048,0.0,51.0,42.0,39.0,39.0,
1644439998.2853646,5.267,0.048,0.0,0.0,0.0,1.0,0.0,0.0,0.0,51.0,42.0,39.0,39.0,
1644439998.4856277,5.267,0.05,0.048,0.0,0.05,1.0,0.0,0.0,0.0,51.0,42.0,39.0,39.0,
1644439998.6858873,5.237,0.0,0.0,0.0,0.0,1.0,0.0,0.048,0.0,51.0,42.0,39.0,39.0,
1644439998.88618,5.237,0.05,0.0,0.0,0.091,1.0,0.0,0.0,0.0,51.0,42.0,40.0,39.0,
1644439999.0865142,5.126,0.048,0.0,0.0,0.0,1.0,0.0,0.048,0.0,51.0,42.0,40.0,39.0,
1644439999.2867818,5.126,0.053,0.0,0.0,0.0,1.0,0.0,0.0,0.0,51.0,42.0,40.0,39.0,
1644439999.4870386,5.126,0.0,0.0,0.0,0.0,1.0,0.048,0.0,0.0,51.0,42.0,40.0,39.0,
1644439999.687298,5.126,0.05,0.0,0.0,0.0,1.0,0.0,0.0,0.0,51.0,42.0,40.0,39.0,
1644439999.8875685,5.126,0.05,0.0,0.0,0.0,1.0,0.0,0.095,0.048,51.0,43.0,40.0,39.0,
1644440000.0878289,5.126,0.05,0.0,0.0,0.0,1.0,0.0,0.0,0.0,51.0,42.0,39.0,39.0,
1644440000.2880948,5.302,0.053,0.0,0.0,0.05,1.0,0.0,0.0,0.0,51.0,42.0,40.0,39.0,
1644440000.4883668,5.302,0.095,0.0,0.0,0.0,1.0,0.0,0.0,0.0,51.0,42.0,40.0,39.0,
1644440000.688625,5.302,0.0,0.0,0.0,0.0,1.0,0.0,0.0,0.0,51.0,42.0,40.0,39.0,
1644440000.88891,5.302,0.0,0.0,0.048,0.048,1.0,0.0,0.0,0.0,51.0,42.0,39.0,39.0,
1644440001.0891798,5.111,0.095,0.0,0.0,0.0,1.0,0.0,0.0,0.0,51.0,43.0,40.0,39.0,
1644440001.2894514,5.111,0.0,0.0,0.0,0.0,1.0,0.048,0.048,0.048,51.0,42.0,40.0,39.0,
1644440001.4897122,5.111,0.095,0.0,0.0,0.0,1.0,0.0,0.0,0.048,51.0,42.0,40.0,39.0,
1644440001.689972,5.111,0.0,0.0,0.0,0.0,1.0,0.0,0.048,0.0,51.0,42.0,40.0,39.0,
1644440001.8902373,5.111,0.05,0.0,0.0,0.048,1.0,0.0,0.0,0.048,51.0,43.0,40.0,39.0,
1644440002.0905044,5.111,0.05,0.0,0.0,0.0,1.0,0.0,0.048,0.05,51.0,42.0,40.0,39.0,
1644440002.2907622,5.305,0.048,0.0,0.0,0.0,1.0,0.0,0.048,0.0,51.0,42.0,40.0,39.0,
1644440002.4910262,5.305,0.0,0.0,0.0,0.0,1.0,0.091,0.0,0.0,51.0,43.0,40.0,39.0,
1644440002.6912813,5.305,0.0,0.0,0.0,0.0,1.0,0.0,0.0,0.0,51.0,42.0,40.0,39.0,
1644440002.891552,5.305,0.091,0.0,0.0,0.0,1.0,0.0,0.0,0.048,51.0,42.0,40.0,39.0,
1644440003.0918145,5.305,0.0,0.0,0.0,0.0,1.0,0.0,0.05,0.0,51.0,43.0,40.0,39.0,
1644440003.292087,5.275,0.05,0.0,0.0,0.0,1.0,0.0,0.0,0.0,51.0,43.0,40.0,39.0,
1644440003.4923575,5.275,0.1,0.0,0.0,0.0,1.0,0.0,0.05,0.0,51.0,43.0,40.0,39.0,
1644440003.6926138,5.275,0.0,0.0,0.0,0.0,1.0,0.0,0.0,0.0,51.0,42.0,40.0,39.0,
1644440003.892886,5.275,0.0,0.0,0.0,0.0,1.0,0.05,0.0,0.0,51.0,43.0,40.0,39.0,
1644440004.0931487,5.092,0.095,0.0,0.0,0.0,1.0,0.0,0.0,0.0,51.0,43.0,40.0,39.0,
1644440004.29342,5.092,0.0,0.0,0.0,0.05,1.0,0.0,0.0,0.0,51.0,42.0,40.0,39.0,
1644440004.493683,5.092,0.14300000000000002,0.0,0.0,0.048,0.15,0.0,0.05,0.0,37.0,40.0,39.0,37.0,
1644440004.69394,5.092,0.05,0.0,0.0,0.0,0.0,0.0,0.0,0.0,35.0,38.0,37.0,36.0,
1644440004.8942084,5.092,0.0,0.0,0.0,0.0,0.0,0.0,0.095,0.0,34.0,37.0,36.0,36.0,
1644440005.0944648,2.531,0.095,0.0,0.0,0.0,0.0,0.0,0.0,0.0,34.0,36.0,36.0,35.0,
1644440005.2947319,2.531,0.0,0.05,0.0,0.0,0.0,0.0,0.0,0.0,33.0,35.0,35.0,35.0,
1644440005.4949896,2.531,0.095,0.0,0.0,0.0,0.0,0.0,0.0,0.0,33.0,35.0,35.0,34.0,
1644440005.6952486,2.531,0.0,0.0,0.0,0.048,0.0,0.0,0.0,0.0,33.0,34.0,34.0,34.0,
1644440005.8955083,2.531,0.05,0.0,0.0,0.0,0.0,0.0,0.05,0.0,32.0,34.0,34.0,34.0,
1644440006.0957646,2.489,0.05,0.0,0.0,0.0,0.0,0.0,0.0,0.0,32.0,34.0,34.0,34.0,
1644440006.2960243,2.489,0.05,0.0,0.0,0.0,0.0,0.0,0.0,0.0,32.0,34.0,34.0,33.0,
1644440006.496279,2.489,0.05,0.0,0.048,0.0,0.0,0.0,0.0,0.0,32.0,34.0,33.0,33.0,
1644440006.6965356,2.489,0.05,0.048,0.0,0.0,0.0,0.0,0.0,0.0,31.0,34.0,33.0,33.0,
1644440006.8968065,2.489,0.0,0.0,0.0,0.048,0.0,0.0,0.048,0.0,31.0,33.0,33.0,33.0,
1644440007.097064,2.481,0.095,0.0,0.0,0.0,0.0,0.0,0.0,0.0,31.0,33.0,33.0,33.0,
1644440007.2973173,2.481,0.0,0.0,0.0,0.0,0.0,0.0,0.0,0.048,31.0,33.0,33.0,33.0,
1644440007.4975698,2.481,0.05,0.0,0.0,0.05,0.0,0.0,0.048,0.0,31.0,33.0,33.0,33.0,
1644440007.6978183,2.481,0.095,0.0,0.0,0.048,0.05,0.0,0.0,0.0,31.0,33.0,33.0,33.0,
1644440007.8980803,2.481,0.0,0.0,0.0,0.0,0.0,0.048,0.0,0.048,31.0,33.0,33.0,33.0,
1644440008.0983438,2.481,0.0,0.0,0.0,0.0,0.0,0.0,0.05,0.048,31.0,33.0,32.0,32.0,
1644440008.2986064,2.481,0.0,0.0,0.0,0.0,0.0,0.0,0.0,0.0,30.0,33.0,32.0,32.0,
1644440008.4988713,2.481,0.0,0.0,0.0,0.0,0.0,0.0,0.0,0.0,30.0,32.0,32.0,32.0,
1644440008.6991339,2.481,0.048,0.0,0.0,0.0,0.0,0.0,0.0,0.0,30.0,32.0,32.0,32.0,
1644440008.899402,2.481,0.048,0.0,0.0,0.0,0.0,0.0,0.048,0.05,30.0,32.0,32.0,32.0,
1644440009.0996664,2.481,0.0,0.0,0.0,0.0,0.0,0.0,0.0,0.0,30.0,32.0,32.0,32.0,
1644440009.2999253,2.481,0.0,0.0,0.0,0.0,0.048,0.0,0.0,0.0,30.0,32.0,32.0,32.0,
1644440009.5001886,2.481,0.1,0.0,0.0,0.0,0.0,0.0,0.0,0.05,30.0,32.0,32.0,32.0,
1644440009.700447,2.481,0.0,0.0,0.0,0.0,0.0,0.0,0.0,0.0,30.0,32.0,32.0,32.0,
1644440009.9007123,2.481,0.0,0.0,0.0,0.0,0.0,0.0,0.0,0.0,30.0,32.0,32.0,32.0,
1644440010.1009765,2.481,0.0,0.0,0.0,0.048,0.0,0.0,0.0,0.0,30.0,32.0,32.0,32.0,
1644440010.3012412,2.481,0.0,0.0,0.0,0.0,0.0,0.0,0.0,0.0,30.0,32.0,31.0,32.0,
1644440010.5015,2.481,0.05,0.0,0.0,0.048,0.0,0.0,0.0,0.0,30.0,32.0,32.0,32.0,
1644440010.7017596,2.481,0.0,0.0,0.0,0.0,0.0,0.0,0.0,0.048,30.0,32.0,31.0,32.0,
1644440010.902027,2.481,0.0,0.0,0.0,0.0,0.0,0.0,0.048,0.048,30.0,32.0,31.0,32.0,
1644440011.1022856,2.481,0.0,0.0,0.0,0.05,0.0,0.0,0.0,0.0,30.0,32.0,31.0,32.0,
1644440011.302546,2.481,0.05,0.0,0.0,0.048,0.0,0.0,0.0,0.048,30.0,32.0,32.0,32.0,
1644440011.5028105,2.481,0.05,0.05,0.0,0.0,0.0,0.0,0.0,0.0,30.0,32.0,31.0,31.0,
1644440011.7030778,2.481,0.0,0.0,0.0,0.0,0.0,0.0,0.0,0.0,30.0,32.0,31.0,31.0,
1644440011.9033465,2.481,0.05,0.0,0.0,0.0,0.0,0.048,0.0,0.0,30.0,32.0,31.0,32.0,
1644440012.1036088,2.481,0.0,0.0,0.0,0.048,0.0,0.0,0.0,0.0,30.0,31.0,31.0,31.0,
1644440012.3038664,2.481,0.0,0.0,0.0,0.0,0.0,0.0,0.0,0.0,30.0,31.0,31.0,31.0,
1644440012.5041397,2.481,0.05,0.05,0.091,0.0,0.0,0.0,0.0,0.0,29.0,32.0,31.0,32.0,
1644440012.704403,2.481,0.0,0.0,0.0,0.0,0.0,0.0,0.05,0.0,30.0,31.0,31.0,31.0,
1644440012.9046748,2.481,0.05,0.0,0.0,0.0,0.0,0.0,0.0,0.0,30.0,32.0,31.0,31.0,
1644440013.1049318,2.481,0.048,0.0,0.0,0.0,0.0,0.0,0.0,0.0,30.0,32.0,31.0,32.0,
1644440013.3051913,2.5,0.053,0.0,0.0,0.0,0.0,0.048,0.0,0.0,29.0,32.0,31.0,31.0,
1644440013.5054617,2.5,0.048,0.0,0.0,0.05,0.0,0.0,0.0,0.0,30.0,31.0,31.0,31.0,
1644440013.705724,2.5,0.0,0.05,0.0,0.0,0.0,0.0,0.0,0.048,30.0,32.0,31.0,31.0,
1644440013.9059973,2.5,0.0,0.0,0.048,0.0,0.0,0.0,0.0,0.0,29.0,31.0,31.0,31.0,
1644440014.1062605,2.5,0.048,0.0,0.0,0.091,0.0,0.0,0.0,0.0,29.0,31.0,31.0,31.0,
1644440014.306523,2.5,0.0,0.0,0.0,0.048,0.0,0.0,0.0,0.048,29.0,31.0,31.0,31.0,
1644440014.5067947,2.5,0.05,0.0,0.0,0.0,0.9,0.0,0.0,0.05,43.0,35.0,33.0,33.0,
1644440014.7070608,2.5,0.048,0.0,0.0,0.0,1.0,0.0,0.0,0.0,46.0,36.0,34.0,34.0,
1644440014.9073403,2.5,0.0,0.0,0.0,0.0,1.0,0.0,0.0,0.0,47.0,37.0,35.0,35.0,
1644440015.1076071,2.5,0.0,0.0,0.0,0.0,1.0,0.0,0.0,0.0,47.0,38.0,35.0,35.0,
1644440015.3078737,2.5,0.0,0.0,0.048,0.0,1.0,0.0,0.0,0.0,48.0,39.0,36.0,36.0,
1644440015.508136,2.5,0.0,0.0,0.0,0.0,1.0,0.0,0.0,0.0,48.0,39.0,36.0,36.0,
1644440015.708391,2.5,0.0,0.0,0.048,0.0,1.0,0.0,0.0,0.0,48.0,39.0,37.0,36.0,
1644440015.908671,2.5,0.0,0.0,0.0,0.048,1.0,0.0,0.0,0.0,49.0,40.0,37.0,37.0,
1644440016.1089427,2.5,0.0,0.05,0.0,0.0,1.0,0.0,0.0,0.05,49.0,40.0,37.0,37.0,
1644440016.3092084,2.5,0.048,0.0,0.0,0.0,1.0,0.0,0.0,0.0,49.0,40.0,37.0,37.0,
1644440016.5094738,2.5,0.0,0.0,0.0,0.048,1.0,0.0,0.0,0.048,49.0,40.0,38.0,37.0,
1644440016.7097292,2.5,0.0,0.0,0.0,0.0,1.0,0.0,0.0,0.0,49.0,40.0,38.0,37.0,
1644440016.910009,2.5,0.0,0.0,0.048,0.0,1.0,0.0,0.0,0.0,49.0,41.0,38.0,37.0,
1644440017.1102676,2.5,0.05,0.0,0.0,0.048,1.0,0.0,0.0,0.048,50.0,41.0,38.0,38.0,
1644440017.3105366,2.5,0.0,0.0,0.05,0.0,1.0,0.0,0.0,0.05,50.0,41.0,38.0,38.0,
1644440017.5108,2.5,0.0,0.0,0.0,0.0,1.0,0.0,0.048,0.0,50.0,41.0,38.0,38.0,
1644440017.7110631,2.5,0.05,0.0,0.0,0.0,1.0,0.0,0.0,0.0,50.0,41.0,39.0,38.0,
1644440017.9113467,2.42,0.0,0.0,0.0,0.0,1.0,0.0,0.05,0.0,50.0,41.0,39.0,38.0,
1644440018.1116173,2.42,0.095,0.0,0.0,0.0,1.0,0.0,0.0,0.0,50.0,41.0,39.0,38.0,
1644440018.3118849,2.42,0.0,0.0,0.05,0.0,1.0,0.0,0.0,0.0,50.0,42.0,39.0,38.0,
1644440018.5121548,2.42,0.0,0.0,0.0,0.0,1.0,0.048,0.0,0.0,50.0,42.0,39.0,38.0,
1644440018.712426,2.42,0.048,0.0,0.0,0.048,1.0,0.0,0.0,0.0,50.0,42.0,39.0,38.0,
1644440018.912711,2.42,0.05,0.0,0.0,0.0,1.0,0.0,0.0,0.0,51.0,42.0,39.0,38.0,
1644440019.1129751,2.42,0.0,0.0,0.0,0.048,1.0,0.0,0.0,0.0,51.0,42.0,39.0,38.0,
1644440019.313241,2.42,0.0,0.0,0.05,0.0,1.0,0.0,0.0,0.0,51.0,42.0,39.0,38.0,
1644440019.5135028,2.42,0.0,0.048,0.0,0.0,1.0,0.048,0.0,0.0,51.0,42.0,39.0,38.0,
1644440019.7137675,5.34,0.05,0.0,0.0,0.0,1.0,0.0,0.0,0.0,51.0,42.0,39.0,38.0,
1644440019.9140494,5.34,0.05,0.0,0.05,0.0,1.0,0.048,0.0,0.05,51.0,42.0,39.0,38.0,
1644440020.114321,5.34,0.0,0.048,0.048,0.05,1.0,0.048,0.0,0.0,51.0,42.0,39.0,39.0,
1644440020.3146188,5.34,0.0,0.0,0.05,0.0,1.0,0.0,0.0,0.0,51.0,42.0,39.0,38.0,
1644440020.514884,5.34,0.05,0.0,0.05,0.0,1.0,0.0,0.0,0.0,51.0,42.0,39.0,38.0,
1644440020.7151492,5.34,0.048,0.0,0.0,0.048,1.0,0.0,0.0,0.0,51.0,42.0,39.0,39.0,
1644440020.9154303,5.34,0.0,0.0,0.048,0.0,1.0,0.0,0.05,0.048,51.0,42.0,39.0,39.0,
1644440021.115696,5.34,0.0,0.0,0.05,0.0,1.0,0.0,0.0,0.0,51.0,42.0,39.0,39.0,
1644440021.3159637,5.34,0.048,0.0,0.05,0.0,1.0,0.0,0.0,0.0,51.0,42.0,40.0,39.0,
1644440021.5162406,5.34,0.0,0.048,0.0,0.0,1.0,0.0,0.0,0.0,51.0,42.0,39.0,39.0,
1644440021.7165089,5.34,0.0,0.0,0.0,0.048,1.0,0.0,0.048,0.048,51.0,42.0,39.0,39.0,
1644440021.91679,5.34,0.0,0.0,0.0,0.0,1.0,0.0,0.0,0.0,51.0,42.0,39.0,39.0,
1644440022.1170592,5.34,0.0,0.0,0.0,0.05,1.0,0.048,0.0,0.0,51.0,42.0,39.0,39.0,
1644440022.3173199,5.34,0.048,0.0,0.0,0.0,1.0,0.0,0.0,0.0,51.0,42.0,39.0,39.0,
1644440022.5175786,5.34,0.048,0.0,0.0,0.0,1.0,0.048,0.0,0.0,51.0,42.0,40.0,39.0,
1644440022.7178302,5.34,0.0,0.0,0.0,0.0,1.0,0.0,0.0,0.0,51.0,42.0,40.0,39.0,
1644440022.918099,5.34,0.0,0.0,0.0,0.0,1.0,0.048,0.0,0.0,51.0,43.0,40.0,39.0,
1644440023.1183703,5.34,0.0,0.0,0.048,0.05,1.0,0.0,0.0,0.0,51.0,43.0,40.0,39.0,
1644440023.318638,5.34,0.0,0.0,0.0,0.0,1.0,0.0,0.0,0.0,51.0,43.0,40.0,39.0,
1644440023.5189068,5.34,0.05,0.0,0.0,0.0,1.0,0.0,0.0,0.0,51.0,43.0,40.0,39.0,
1644440023.7191637,5.34,0.0,0.0,0.0,0.0,1.0,0.0,0.0,0.0,51.0,43.0,40.0,39.0,
1644440023.9194334,5.34,0.05,0.0,0.048,0.0,1.0,0.0,0.0,0.0,51.0,43.0,40.0,39.0,
1644440024.1196995,5.34,0.0,0.0,0.0,0.0,1.0,0.0,0.0,0.0,51.0,43.0,40.0,39.0,
1644440024.3199635,5.34,0.05,0.048,0.0,0.0,1.0,0.0,0.0,0.0,51.0,43.0,40.0,39.0,
1644440024.5202308,5.34,0.0,0.0,0.0,0.0,1.0,0.0,0.0,0.0,52.0,43.0,40.0,39.0,
1644440024.720501,5.363,0.05,0.0,0.0,0.0,1.0,0.0,0.0,0.0,51.0,43.0,40.0,39.0,
1644440024.9207737,5.363,0.053,0.0,0.0,0.0,1.0,0.048,0.0,0.0,52.0,43.0,40.0,39.0,
1644440025.1210344,5.363,0.0,0.048,0.0,0.05,1.0,0.0,0.0,0.0,52.0,43.0,40.0,39.0,
1644440025.3212955,5.363,0.0,0.0,0.0,0.048,1.0,0.048,0.0,0.0,52.0,43.0,40.0,39.0,
1644440025.5215504,5.363,0.05,0.0,0.0,0.048,1.0,0.0,0.0,0.0,52.0,43.0,40.0,39.0,
1644440025.7218053,5.363,0.0,0.0,0.05,0.048,1.0,0.048,0.0,0.0,52.0,43.0,40.0,39.0,
1644440025.9220777,5.374,0.05,0.0,0.048,0.048,1.0,0.048,0.0,0.095,52.0,43.0,40.0,39.0,
1644440026.1223476,5.374,0.0,0.0,0.0,0.0,1.0,0.0,0.0,0.0,52.0,43.0,40.0,39.0,
1644440026.3226132,5.374,0.0,0.0,0.048,0.0,1.0,0.0,0.048,0.0,52.0,43.0,40.0,39.0,
1644440026.5228734,5.374,0.05,0.0,0.0,0.0,1.0,0.0,0.0,0.0,52.0,43.0,40.0,39.0,
1644440026.7231283,5.374,0.048,0.0,0.0,0.0,1.0,0.0,0.0,0.0,52.0,43.0,40.0,39.0,
1644440026.9233935,5.374,0.0,0.0,0.0,0.0,1.0,0.048,0.0,0.0,51.0,43.0,40.0,39.0,
1644440027.1236598,5.374,0.0,0.0,0.0,0.0,1.0,0.0,0.0,0.0,52.0,43.0,40.0,39.0,
1644440027.3239214,5.374,0.0,0.048,0.0,0.0,1.0,0.0,0.0,0.0,52.0,43.0,40.0,39.0,
1644440027.5241797,5.374,0.0,0.048,0.0,0.0,1.0,0.0,0.0,0.048,52.0,43.0,40.0,39.0,
1644440027.7244375,5.374,0.048,0.0,0.048,0.0,1.0,0.0,0.0,0.0,52.0,43.0,40.0,39.0,
1644440027.9247017,5.374,0.0,0.0,0.0,0.0,1.0,0.0,0.048,0.0,52.0,43.0,40.0,39.0,
1644440028.1249757,5.374,0.0,0.0,0.0,0.05,1.0,0.0,0.0,0.0,52.0,43.0,40.0,39.0,
1644440028.3252516,5.374,0.182,0.05,0.095,0.0,1.0,0.095,0.05,0.05,52.0,43.0,40.0,40.0,
1644440028.5255158,5.374,0.0,0.0,0.0,0.0,1.0,0.0,0.0,0.0,52.0,43.0,40.0,39.0,
1644440028.7257733,5.374,0.0,0.0,0.0,0.048,1.0,0.048,0.0,0.0,52.0,43.0,40.0,39.0,
1644440028.9260457,5.374,0.048,0.0,0.048,0.0,1.0,0.0,0.048,0.0,52.0,43.0,40.0,39.0,
1644440029.126311,5.374,0.0,0.0,0.0,0.048,1.0,0.0,0.0,0.0,52.0,43.0,40.0,39.0,
1644440029.326609,5.374,0.0,0.0,0.0,0.0,1.0,0.048,0.0,0.0,52.0,43.0,40.0,39.0,
1644440029.526871,5.374,0.0,0.0,0.0,0.0,1.0,0.0,0.0,0.0,52.0,43.0,40.0,39.0,
1644440029.7271261,5.374,0.0,0.0,0.048,0.0,1.0,0.0,0.0,0.0,52.0,43.0,40.0,39.0,
1644440029.927409,5.374,0.095,0.0,0.0,0.0,1.0,0.0,0.0,0.0,52.0,43.0,40.0,40.0,
1644440030.12768,5.374,0.105,0.0,0.0,0.0,1.0,0.0,0.0,0.053,52.0,43.0,40.0,40.0,
1644440030.327945,5.374,0.0,0.0,0.0,0.048,1.0,0.0,0.048,0.0,52.0,43.0,40.0,40.0,
1644440030.5282066,5.374,0.05,0.0,0.048,0.0,1.0,0.0,0.048,0.0,52.0,43.0,40.0,39.0,
1644440030.7284687,5.374,0.0,0.0,0.0,0.0,1.0,0.0,0.0,0.0,52.0,43.0,40.0,40.0,
1644440030.928747,5.374,0.0,0.0,0.0,0.0,1.0,0.05,0.0,0.0,52.0,43.0,40.0,40.0,
1644440031.1290097,5.374,0.095,0.048,0.0,0.048,1.0,0.0,0.0,0.0,52.0,43.0,40.0,40.0,
1644440031.329278,5.374,0.0,0.0,0.048,0.048,1.0,0.048,0.0,0.0,52.0,43.0,40.0,39.0,
1644440031.5295362,5.374,0.0,0.0,0.0,0.0,1.0,0.048,0.0,0.048,52.0,43.0,40.0,40.0,
1644440031.7297938,5.374,0.0,0.0,0.0,0.0,1.0,0.0,0.0,0.0,52.0,43.0,40.0,40.0,
1644440031.930068,5.374,0.048,0.0,0.0,0.05,1.0,0.048,0.0,0.0,52.0,43.0,40.0,40.0,
1644440032.1303325,5.374,0.0,0.0,0.095,0.048,1.0,0.0,0.0,0.0,52.0,43.0,40.0,39.0,
1644440032.330598,5.374,0.0,0.0,0.05,0.0,1.0,0.0,0.0,0.0,52.0,43.0,40.0,39.0,
1644440032.530853,5.374,0.05,0.048,0.05,0.0,1.0,0.0,0.0,0.048,52.0,43.0,40.0,40.0,
1644440032.731111,5.374,0.048,0.05,0.14300000000000002,0.0,1.0,0.0,0.0,0.0,52.0,43.0,40.0,40.0,
1644440032.931388,5.374,0.0,0.0,0.15,0.0,1.0,0.0,0.0,0.0,52.0,43.0,40.0,40.0,
1644440033.1316512,5.374,0.0,0.0,0.1,0.0,0.5710000000000001,0.0,0.0,0.048,40.0,41.0,40.0,39.0,
1644440033.3319075,5.374,0.0,0.0,0.053,0.0,0.0,0.0,0.0,0.0,36.0,39.0,38.0,37.0,
1644440033.5321684,5.374,0.0,0.0,0.105,0.0,0.0,0.0,0.0,0.0,35.0,37.0,37.0,36.0,
1644440033.7324226,5.374,0.0,0.0,0.095,0.0,0.0,0.0,0.0,0.0,34.0,36.0,36.0,35.0,
1644440033.9326906,5.374,0.0,0.0,0.0,0.048,0.0,0.0,0.0,0.048,34.0,36.0,35.0,35.0,
1644440034.1329541,5.374,0.0,0.0,0.05,0.0,0.0,0.0,0.0,0.0,33.0,35.0,35.0,34.0,
1644440034.3332133,5.374,0.048,0.048,0.1,0.0,0.0,0.0,0.048,0.0,33.0,35.0,34.0,34.0,
1644440034.5334597,5.374,0.105,0.0,0.05,0.0,0.0,0.048,0.0,0.0,32.0,35.0,34.0,34.0,
1644440034.7337265,5.374,0.048,0.0,0.0,0.05,0.0,0.048,0.0,0.0,32.0,34.0,34.0,34.0,
1644440034.933998,5.374,0.05,0.05,0.0,0.0,0.0,0.048,0.0,0.0,32.0,34.0,34.0,34.0,
1644440035.134264,5.374,0.055999999999999994,0.0,0.095,0.0,0.0,0.105,0.0,0.0,32.0,35.0,34.0,34.0,
1644440035.3345225,5.374,0.048,0.0,0.05,0.048,0.0,0.048,0.0,0.0,32.0,34.0,34.0,33.0,
1644440035.534781,5.374,0.0,0.0,0.0,0.0,0.0,0.0,0.0,0.0,32.0,34.0,33.0,33.0,
1644440035.7350428,5.374,0.0,0.0,0.05,0.0,0.0,0.0,0.0,0.0,31.0,33.0,33.0,33.0,
1644440035.9353077,5.374,0.05,0.0,0.05,0.0,0.0,0.0,0.0,0.0,31.0,33.0,33.0,33.0,
1644440036.1355748,5.374,0.0,0.048,0.05,0.0,0.0,0.0,0.0,0.0,31.0,33.0,33.0,33.0,
1644440036.3358433,5.374,0.095,0.0,0.0,0.0,0.0,0.048,0.0,0.0,31.0,33.0,33.0,33.0,
1644440036.5361078,5.374,0.0,0.0,0.14300000000000002,0.0,0.0,0.0,0.0,0.0,31.0,33.0,33.0,33.0,
1644440036.736374,5.374,0.0,0.0,0.05,0.0,0.0,0.0,0.0,0.0,31.0,33.0,33.0,33.0,
1644440036.9366417,5.374,0.0,0.0,0.0,0.0,0.05,0.0,0.0,0.0,31.0,33.0,33.0,33.0,
1644440037.1369078,5.374,0.048,0.0,0.05,0.048,0.0,0.0,0.0,0.0,31.0,33.0,32.0,32.0,
1644440037.3371634,5.374,0.0,0.0,0.1,0.0,0.0,0.0,0.0,0.0,31.0,33.0,32.0,32.0,
1644440037.5374286,5.374,0.0,0.05,0.0,0.048,0.0,0.0,0.0,0.0,31.0,33.0,32.0,32.0,
1644440037.737688,5.374,0.0,0.0,0.05,0.05,0.0,0.0,0.0,0.0,31.0,32.0,32.0,32.0,
1644440037.9379501,5.374,0.0,0.05,0.05,0.0,0.0,0.048,0.048,0.0,31.0,32.0,32.0,32.0,
1644440038.138213,5.374,0.095,0.0,0.0,0.0,0.0,0.048,0.05,0.0,30.0,32.0,32.0,32.0,
1644440038.3384707,5.374,0.0,0.0,0.0,0.0,0.0,0.05,0.0,0.048,30.0,32.0,32.0,32.0,
1644440038.5387385,5.374,0.0,0.0,0.174,0.0,0.091,0.0,0.0,0.0,30.0,32.0,32.0,32.0,
1644440038.7390053,5.374,0.05,0.0,0.0,0.0,0.0,0.0,0.048,0.0,30.0,32.0,32.0,32.0,
1644440038.9392729,5.374,0.0,0.0,0.095,0.0,0.0,0.0,0.0,0.0,30.0,32.0,32.0,32.0,
1644440039.1395319,5.374,0.0,0.0,0.0,0.0,0.0,0.0,0.0,0.0,30.0,32.0,32.0,32.0,
1644440039.3398004,5.374,0.048,0.0,0.048,0.0,0.0,0.0,0.0,0.0,30.0,32.0,32.0,32.0,
1644440039.5400686,5.374,0.0,0.0,0.0,0.0,0.0,0.0,0.0,0.0,30.0,32.0,32.0,32.0,
1644440039.7403336,5.374,0.0,0.0,0.05,0.05,0.0,0.0,0.0,0.0,30.0,32.0,32.0,32.0,
1644440039.940601,5.374,0.0,0.0,0.0,0.0,0.0,0.0,0.05,0.0,30.0,32.0,32.0,32.0,
1644440040.1408596,5.374,0.05,0.05,0.0,0.048,0.0,0.0,0.0,0.0,30.0,32.0,31.0,32.0,
1644440040.3411274,5.374,0.0,0.0,0.0,0.048,0.0,0.0,0.0,0.0,30.0,32.0,32.0,32.0,
1644440040.5413888,5.374,0.0,0.0,0.05,0.0,0.0,0.0,0.0,0.0,30.0,32.0,32.0,32.0,
1644440040.7416434,5.374,0.0,0.0,0.0,0.048,0.0,0.0,0.0,0.0,30.0,32.0,31.0,32.0,
1644440040.9419124,5.374,0.048,0.0,0.0,0.0,0.0,0.048,0.0,0.0,30.0,32.0,32.0,32.0,
1644440041.1421766,5.374,0.0,0.0,0.05,0.0,0.0,0.0,0.0,0.0,30.0,32.0,31.0,32.0,
1644440041.3424416,5.374,0.048,0.05,0.0,0.0,0.0,0.048,0.0,0.0,30.0,32.0,31.0,32.0,
1644440041.5427072,5.374,0.0,0.0,0.0,0.0,0.0,0.0,0.0,0.0,30.0,32.0,31.0,32.0,
1644440041.742968,5.374,0.0,0.0,0.091,0.0,0.0,0.0,0.0,0.0,30.0,32.0,31.0,32.0,
1644440041.9432325,5.374,0.0,0.0,0.048,0.048,0.0,0.0,0.048,0.0,30.0,32.0,31.0,32.0,
1644440042.1434884,5.374,0.0,0.0,0.0,0.0,0.0,0.0,0.0,0.0,30.0,32.0,31.0,32.0,
1644440042.3437452,5.374,0.0,0.0,0.0,0.0,0.0,0.0,0.0,0.0,29.0,32.0,31.0,31.0,
1644440042.5440023,5.374,0.0,0.05,0.05,0.0,0.0,0.0,0.0,0.0,30.0,32.0,31.0,31.0,
1644440042.7442575,5.374,0.048,0.0,0.0,0.0,0.0,0.0,0.0,0.0,30.0,32.0,31.0,31.0,
1644440042.9445186,5.374,0.05,0.0,0.0,0.0,0.0,0.0,0.0,0.0,30.0,32.0,31.0,32.0,
1644440043.1447854,5.374,0.0,0.0,0.0,0.048,0.526,0.0,0.0,0.0,41.0,33.0,32.0,32.0,
1644440043.3450449,5.374,0.0,0.0,0.0,0.048,1.0,0.0,0.0,0.0,44.0,36.0,34.0,34.0,
1644440043.545305,5.374,0.0,0.0,0.0,0.0,1.0,0.048,0.0,0.0,45.0,37.0,35.0,34.0,
1644440043.7455578,5.374,0.048,0.0,0.0,0.05,1.0,0.048,0.0,0.0,46.0,38.0,35.0,35.0,
1644440043.9458354,5.374,0.0,0.048,0.0,0.0,1.0,0.0,0.0,0.0,47.0,38.0,36.0,36.0,
1644440044.146102,5.374,0.048,0.0,0.0,0.0,1.0,0.05,0.048,0.05,47.0,39.0,36.0,36.0,
1644440044.3463602,5.374,0.0,0.0,0.0,0.048,1.0,0.048,0.0,0.0,47.0,39.0,36.0,36.0,
1644440044.5466254,5.374,0.05,0.0,0.0,0.0,1.0,0.048,0.048,0.0,48.0,39.0,37.0,36.0,
1644440044.746894,5.374,0.0,0.0,0.0,0.0,1.0,0.0,0.0,0.048,48.0,40.0,37.0,37.0,
1644440044.9471707,5.374,0.048,0.0,0.095,0.0,1.0,0.0,0.0,0.05,48.0,40.0,37.0,37.0,
1644440045.1474373,5.374,0.048,0.0,0.048,0.0,1.0,0.0,0.0,0.0,48.0,40.0,37.0,37.0,
1644440045.347702,5.374,0.0,0.0,0.0,0.048,1.0,0.0,0.0,0.0,48.0,40.0,37.0,37.0,
1644440045.5479636,5.374,0.0,0.0,0.0,0.0,1.0,0.0,0.0,0.0,48.0,40.0,38.0,37.0,
1644440045.7482245,5.374,0.0,0.0,0.0,0.0,1.0,0.0,0.0,0.0,49.0,40.0,38.0,37.0,
1644440045.948496,5.374,0.0,0.0,0.05,0.0,1.0,0.0,0.0,0.0,49.0,40.0,38.0,37.0,
1644440046.1487598,5.374,0.0,0.0,0.048,0.0,1.0,0.0,0.0,0.0,49.0,41.0,38.0,37.0,
1644440046.3490179,5.374,0.0,0.0,0.095,0.0,1.0,0.048,0.0,0.0,49.0,41.0,38.0,37.0,
1644440046.5492752,5.374,0.0,0.0,0.0,0.048,1.0,0.0,0.0,0.0,49.0,41.0,38.0,37.0,
1644440046.7495356,5.374,0.0,0.0,0.0,0.0,1.0,0.0,0.0,0.0,49.0,41.0,38.0,38.0,
1644440046.9498053,5.374,0.0,0.0,0.0,0.048,1.0,0.048,0.048,0.0,49.0,41.0,38.0,38.0,
1644440047.15007,5.374,0.048,0.0,0.0,0.0,1.0,0.0,0.0,0.0,49.0,41.0,38.0,38.0,
1644440047.350329,5.374,0.048,0.0,0.05,0.05,1.0,0.091,0.0,0.0,49.0,41.0,38.0,38.0,
1644440047.5505967,5.374,0.0,0.0,0.0,0.0,1.0,0.0,0.0,0.0,49.0,41.0,38.0,38.0,
1644440047.7508543,5.374,0.0,0.0,0.0,0.0,1.0,0.0,0.0,0.0,50.0,41.0,38.0,38.0,
1644440047.9511514,5.374,0.095,0.33299999999999996,0.6,0.0,1.0,0.19,0.23800000000000002,0.0,50.0,42.0,41.0,38.0,
1644440048.1514294,5.374,0.0,1.0,1.0,0.05,1.0,0.0,0.053,0.1,50.0,42.0,40.0,38.0,
1644440048.3516998,5.374,0.0,0.81,0.261,0.0,1.0,0.0,0.053,0.0,50.0,42.0,40.0,38.0,
1644440048.5519783,5.374,0.095,0.0,0.0,0.0,1.0,0.0,0.048,0.0,50.0,42.0,39.0,38.0,
1644440048.752236,5.374,0.0,0.0,0.0,0.048,1.0,0.0,0.0,0.0,50.0,42.0,39.0,38.0,
1644440048.9525096,5.374,0.05,0.0,0.0,0.0,1.0,0.05,0.0,0.0,50.0,42.0,39.0,38.0,
1644440049.1527808,5.374,0.0,0.0,0.0,0.048,1.0,0.0,0.0,0.0,50.0,42.0,39.0,38.0,
1644440049.3530433,5.374,0.048,0.0,0.0,0.05,1.0,0.0,0.0,0.05,50.0,42.0,39.0,38.0,
1644440049.5533073,5.374,0.05,0.0,0.0,0.0,1.0,0.05,0.0,0.0,50.0,42.0,39.0,38.0,
1644440049.7535753,5.374,0.0,0.0,0.0,0.048,1.0,0.091,0.0,0.048,50.0,42.0,39.0,38.0,
1644440049.9538643,5.374,0.0,0.0,0.0,0.0,1.0,0.0,0.048,0.05,50.0,42.0,39.0,38.0,
1644440050.1541338,5.374,0.095,0.0,0.0,0.048,1.0,0.0,0.0,0.091,50.0,42.0,39.0,39.0,
1644440050.3544,5.374,0.0,0.0,0.0,0.0,1.0,0.091,0.0,0.0,50.0,42.0,39.0,38.0,
1644440050.5546577,5.374,0.05,0.0,0.0,0.0,1.0,0.0,0.048,0.05,50.0,42.0,39.0,38.0,
1644440050.75492,5.374,0.05,0.0,0.0,0.0,1.0,0.0,0.0,0.048,50.0,42.0,39.0,39.0,
1644440050.955184,5.374,0.048,0.0,0.0,0.0,1.0,0.048,0.05,0.095,50.0,42.0,39.0,39.0,
1644440051.1554494,5.374,0.0,0.0,0.0,0.0,1.0,0.0,0.0,0.0,50.0,42.0,39.0,39.0,
1644440051.3557081,5.374,0.0,0.0,0.0,0.0,1.0,0.0,0.0,0.0,50.0,42.0,39.0,39.0,
1644440051.5559697,5.374,0.0,0.0,0.0,0.0,1.0,0.0,0.0,0.0,50.0,42.0,39.0,38.0,
1644440051.7562253,5.374,0.0,0.0,0.0,0.0,1.0,0.0,0.0,0.0,50.0,42.0,39.0,38.0,
1644440051.9564903,5.374,0.048,0.0,0.0,0.0,1.0,0.0,0.0,0.048,50.0,42.0,39.0,38.0,
1644440052.1567514,5.374,0.048,0.0,0.0,0.05,1.0,0.0,0.0,0.0,50.0,42.0,39.0,38.0,
1644440052.3570192,5.374,0.0,0.0,0.35,0.048,1.0,0.0,0.0,0.0,50.0,42.0,39.0,39.0,
1644440052.5572839,5.374,0.05,0.0,0.316,0.091,1.0,0.0,0.0,0.0,50.0,42.0,39.0,39.0,
1644440052.7575455,5.374,0.05,0.0,0.0,0.0,1.0,0.0,0.0,0.0,50.0,42.0,39.0,39.0,
1644440052.9578245,5.374,0.0,0.0,0.0,0.0,1.0,0.048,0.0,0.0,50.0,42.0,39.0,39.0,
1644440053.158101,5.374,0.048,0.0,0.0,0.0,1.0,0.0,0.0,0.0,50.0,42.0,39.0,39.0,
1644440053.3583596,5.374,0.0,0.0,0.0,0.05,1.0,0.05,0.0,0.0,50.0,42.0,39.0,39.0,
1644440053.5586176,5.374,0.05,0.048,0.0,0.0,1.0,0.0,0.0,0.0,50.0,42.0,39.0,39.0,
1644440053.758882,5.374,0.0,0.0,0.0,0.0,1.0,0.0,0.0,0.0,50.0,42.0,39.0,39.0,
1644440053.9591503,5.374,0.0,0.0,0.0,0.0,1.0,0.0,0.0,0.0,50.0,42.0,40.0,39.0,
1644440054.159415,5.374,0.048,0.0,0.0,0.0,1.0,0.0,0.0,0.0,50.0,42.0,39.0,39.0,
1644440054.359675,5.374,0.0,0.0,0.0,0.0,1.0,0.0,0.048,0.0,50.0,42.0,39.0,39.0,
1644440054.5599365,5.374,0.048,0.0,0.0,0.0,1.0,0.0,0.0,0.05,50.0,42.0,40.0,39.0,
1644440054.760198,5.374,0.0,0.0,0.048,0.0,1.0,0.0,0.0,0.0,50.0,42.0,40.0,39.0,
1644440054.960473,5.374,0.0,0.0,0.048,0.0,1.0,0.0,0.05,0.0,50.0,42.0,40.0,39.0,
1644440055.1607366,5.374,0.05,0.0,0.0,0.0,1.0,0.0,0.0,0.0,50.0,42.0,40.0,39.0,
1644440055.3610072,5.374,0.05,0.0,0.0,0.048,1.0,0.0,0.0,0.0,50.0,42.0,40.0,39.0,
1644440055.5612762,5.374,0.05,0.0,0.0,0.0,1.0,0.0,0.048,0.05,51.0,42.0,40.0,39.0,
1644440055.7615354,5.374,0.0,0.0,0.0,0.0,1.0,0.048,0.0,0.0,51.0,42.0,39.0,39.0,
1644440055.961812,5.374,0.0,0.0,0.0,0.0,1.0,0.048,0.0,0.0,50.0,42.0,40.0,39.0,
1644440056.162071,5.374,0.0,0.048,0.091,0.05,1.0,0.05,0.0,0.05,51.0,42.0,39.0,39.0,
1644440056.3623307,5.374,0.05,0.0,0.0,0.048,1.0,0.048,0.0,0.0,50.0,42.0,40.0,39.0,
1644440056.5625994,5.374,0.048,0.0,0.0,0.0,1.0,0.0,0.0,0.0,50.0,42.0,40.0,39.0,
1644440056.76286,5.374,0.0,0.0,0.0,0.0,1.0,0.0,0.0,0.048,51.0,42.0,39.0,39.0,
1644440056.9631362,5.374,0.05,0.0,0.0,0.0,1.0,0.048,0.095,0.0,51.0,42.0,40.0,39.0,
1644440057.1634011,5.374,0.05,0.0,0.0,0.0,1.0,0.0,0.0,0.0,51.0,42.0,40.0,39.0,
1644440057.3636692,5.374,0.048,0.0,0.048,0.0,1.0,0.0,0.0,0.0,51.0,42.0,40.0,39.0,
1644440057.5639396,5.374,0.0,0.0,0.0,0.0,1.0,0.0,0.0,0.0,50.0,42.0,40.0,39.0,
1644440057.7642062,5.374,0.105,0.0,0.0,0.048,1.0,0.0,0.0,0.0,50.0,42.0,40.0,39.0,
1644440057.9644842,5.374,0.095,0.0,0.048,0.0,1.0,0.0,0.0,0.0,50.0,42.0,40.0,39.0,
1644440058.164754,5.374,0.0,0.0,0.0,0.0,1.0,0.0,0.0,0.0,51.0,42.0,40.0,39.0,
1644440058.3650217,5.374,0.048,0.0,0.0,0.0,1.0,0.0,0.0,0.0,51.0,42.0,40.0,39.0,
1644440058.5652835,5.374,0.0,0.0,0.0,0.048,1.0,0.0,0.0,0.0,51.0,42.0,40.0,39.0,
1644440058.7655468,5.374,0.05,0.0,0.0,0.048,1.0,0.048,0.0,0.0,51.0,42.0,40.0,39.0,
1644440058.9658222,5.374,0.048,0.0,0.0,0.0,1.0,0.0,0.091,0.0,51.0,42.0,40.0,39.0,
1644440059.1660945,5.374,0.0,0.0,0.0,0.048,1.0,0.05,0.0,0.0,51.0,42.0,40.0,39.0,
1644440059.36636,5.374,0.0,0.0,0.0,0.0,1.0,0.0,0.0,0.0,51.0,42.0,40.0,39.0,
1644440059.566627,5.374,0.048,0.0,0.0,0.0,1.0,0.0,0.0,0.0,51.0,42.0,40.0,39.0,
1644440059.7669003,5.374,0.053,0.0,0.0,0.0,1.0,0.0,0.0,0.0,51.0,42.0,40.0,39.0,
1644440059.9671705,5.374,0.05,0.0,0.0,0.0,1.0,0.0,0.0,0.048,51.0,42.0,40.0,39.0,
1644440060.1674392,5.374,0.0,0.0,0.0,0.0,1.0,0.0,0.0,0.0,51.0,43.0,40.0,39.0,
1644440060.3676984,5.374,0.05,0.0,0.0,0.0,1.0,0.0,0.0,0.0,51.0,42.0,40.0,39.0,
1644440060.5679684,5.374,0.0,0.0,0.0,0.0,1.0,0.0,0.0,0.0,51.0,43.0,40.0,39.0,
1644440060.7682374,5.374,0.05,0.0,0.0,0.0,1.0,0.0,0.0,0.0,51.0,42.0,40.0,39.0,
1644440060.968514,5.374,0.0,0.0,0.0,0.0,1.0,0.05,0.0,0.0,51.0,43.0,40.0,39.0,
1644440061.1687875,5.374,0.0,0.0,0.048,0.0,1.0,0.0,0.0,0.0,51.0,42.0,40.0,39.0,
1644440061.3690548,5.374,0.0,0.0,0.0,0.0,1.0,0.0,0.0,0.0,51.0,42.0,40.0,39.0,
1644440061.5693138,5.374,0.095,0.0,0.0,0.048,1.0,0.048,0.0,0.0,51.0,42.0,40.0,39.0,
1644440061.7695713,5.374,0.0,0.0,0.0,0.091,1.0,0.0,0.0,0.0,51.0,42.0,40.0,39.0,
1644440061.9698348,5.374,0.0,0.0,0.0,0.0,1.0,0.0,0.0,0.048,51.0,43.0,40.0,39.0,
1644440062.170097,5.374,0.0,0.0,0.0,0.05,1.0,0.095,0.0,0.0,51.0,43.0,40.0,39.0,
1644440062.3703575,5.374,0.048,0.0,0.0,0.0,1.0,0.0,0.048,0.0,51.0,43.0,40.0,39.0,
1644440062.5706327,5.374,0.053,0.0,0.0,0.0,1.0,0.0,0.0,0.0,51.0,43.0,40.0,39.0,
1644440062.7709112,5.374,0.095,0.0,0.0,0.048,1.0,0.048,0.0,0.0,51.0,43.0,40.0,39.0,
1644440062.9711897,5.374,0.0,0.0,0.0,0.0,0.21100000000000002,0.0,0.048,0.0,38.0,40.0,39.0,38.0,
1644440063.1714618,5.374,0.0,0.0,0.0,0.0,0.0,0.0,0.0,0.136,35.0,38.0,37.0,37.0,
1644440063.3717256,5.374,0.048,0.0,0.0,0.0,0.0,0.0,0.0,0.0,34.0,37.0,36.0,36.0,
1644440063.5719912,5.374,0.0,0.0,0.0,0.0,0.0,0.0,0.0,0.048,34.0,36.0,36.0,35.0,
1644440063.7722678,5.374,0.053,0.0,0.0,0.0,0.0,0.091,0.0,0.0,33.0,36.0,35.0,35.0,
1644440063.9725392,5.374,0.15,0.0,0.0,0.0,0.0,0.0,0.0,0.0,33.0,35.0,35.0,35.0,
1644440064.1728177,5.374,0.095,0.0,0.0,0.048,0.0,0.0,0.0,0.0,33.0,35.0,35.0,34.0,
1644440064.3730822,5.374,0.0,0.0,0.0,0.0,0.0,0.0,0.048,0.0,32.0,35.0,34.0,34.0,
1644440064.5733447,5.374,0.0,0.0,0.0,0.0,0.0,0.0,0.0,0.0,32.0,34.0,34.0,34.0,
1644440064.7736142,5.374,0.05,0.0,0.0,0.048,0.0,0.0,0.0,0.0,32.0,34.0,34.0,34.0,
1644440064.9738834,5.374,0.048,0.0,0.0,0.0,0.0,0.0,0.048,0.0,32.0,34.0,34.0,33.0,
1644440065.1741457,5.374,0.0,0.0,0.0,0.048,0.0,0.0,0.0,0.0,32.0,34.0,33.0,33.0,
1644440065.3744042,5.374,0.0,0.0,0.0,0.0,0.0,0.091,0.0,0.0,31.0,33.0,33.0,33.0,
1644440065.5746646,5.374,0.05,0.0,0.0,0.0,0.05,0.0,0.0,0.0,31.0,33.0,33.0,33.0,
1644440065.774931,5.374,0.0,0.0,0.048,0.0,0.0,0.0,0.0,0.0,32.0,33.0,33.0,33.0,
1644440065.9752007,5.374,0.048,0.0,0.0,0.0,0.0,0.0,0.0,0.0,31.0,33.0,33.0,33.0,
1644440066.1754632,5.374,0.05,0.0,0.0,0.0,0.0,0.0,0.0,0.0,31.0,33.0,33.0,33.0,
1644440066.3757212,5.374,0.0,0.0,0.0,0.0,0.0,0.0,0.0,0.0,31.0,33.0,33.0,33.0,
1644440066.5759878,5.374,0.05,0.0,0.0,0.0,0.0,0.0,0.0,0.0,31.0,33.0,33.0,33.0,
1644440066.7762494,5.374,0.05,0.0,0.0,0.0,0.0,0.0,0.0,0.0,31.0,33.0,33.0,33.0,
1644440066.9765177,5.374,0.05,0.0,0.0,0.0,0.0,0.0,0.0,0.0,31.0,33.0,33.0,32.0,
1644440067.1767867,5.374,0.0,0.0,0.0,0.0,0.091,0.0,0.0,0.0,31.0,33.0,33.0,32.0,
1644440067.3770468,5.374,0.05,0.0,0.0,0.0,0.0,0.0,0.0,0.05,31.0,33.0,33.0,33.0,
1644440067.5773077,5.374,0.05,0.0,0.0,0.0,0.05,0.0,0.0,0.0,31.0,33.0,32.0,32.0,
1644440067.7775688,5.374,0.05,0.0,0.0,0.048,0.048,0.0,0.0,0.048,31.0,32.0,32.0,32.0,
1644440067.9778311,5.374,0.05,0.0,0.0,0.048,0.05,0.048,0.0,0.0,31.0,33.0,32.0,32.0,
1644440068.1780958,5.374,0.05,0.0,0.0,0.0,0.048,0.0,0.0,0.0,31.0,32.0,32.0,32.0,
1644440068.3783536,5.374,0.0,0.0,0.0,0.048,0.0,0.0,0.0,0.0,30.0,32.0,32.0,32.0,
1644440068.578616,5.374,0.0,0.0,0.0,0.0,0.0,0.0,0.0,0.091,30.0,32.0,32.0,32.0,
1644440068.7788877,5.374,0.1,0.0,0.0,0.05,0.048,0.0,0.05,0.05,30.0,32.0,32.0,32.0,
1644440068.9791696,5.374,0.05,0.0,0.048,0.0,0.0,0.05,0.048,0.0,30.0,32.0,32.0,32.0,
1644440069.179433,5.374,0.05,0.0,0.0,0.0,0.0,0.0,0.0,0.0,30.0,32.0,32.0,32.0,
1644440069.3796937,5.374,0.0,0.0,0.048,0.0,0.0,0.0,0.0,0.0,30.0,32.0,32.0,32.0,
1644440069.5799596,5.374,0.0,0.0,0.0,0.0,0.0,0.0,0.0,0.0,30.0,32.0,32.0,32.0,
1644440069.780226,5.374,0.048,0.0,0.0,0.0,0.0,0.0,0.0,0.0,30.0,32.0,32.0,32.0,
1644440069.9804947,5.374,0.053,0.0,0.0,0.0,0.0,0.05,0.05,0.0,30.0,32.0,32.0,32.0,
1644440070.1807568,5.374,0.095,0.0,0.0,0.0,0.0,0.0,0.0,0.0,30.0,32.0,32.0,32.0,
1644440070.3810234,5.374,0.0,0.0,0.0,0.0,0.0,0.0,0.0,0.0,30.0,32.0,32.0,32.0,
1644440070.5812953,5.374,0.0,0.0,0.0,0.05,0.0,0.0,0.048,0.0,30.0,32.0,32.0,32.0,
1644440070.7815573,5.374,0.05,0.0,0.0,0.048,0.0,0.05,0.0,0.0,30.0,32.0,32.0,32.0,
1644440070.9818325,5.374,0.0,0.0,0.0,0.0,0.0,0.0,0.048,0.0,30.0,32.0,32.0,32.0,
1644440071.1820977,5.374,0.05,0.0,0.048,0.048,0.0,0.048,0.0,0.0,30.0,32.0,32.0,32.0,
1644440071.382362,5.374,0.05,0.0,0.0,0.0,0.0,0.0,0.0,0.0,30.0,32.0,32.0,32.0,
1644440071.5826237,5.374,0.0,0.0,0.0,0.0,0.0,0.0,0.0,0.0,30.0,32.0,32.0,32.0,
1644440071.7828841,5.374,0.0,0.0,0.0,0.0,0.0,0.0,0.0,0.0,30.0,32.0,32.0,32.0,
1644440071.983157,5.374,0.048,0.0,0.0,0.0,0.0,0.0,0.0,0.0,30.0,32.0,31.0,32.0,
1644440072.1834252,5.374,0.048,0.0,0.0,0.0,0.0,0.0,0.0,0.0,30.0,32.0,31.0,31.0,
1644440072.383691,5.374,0.0,0.0,0.0,0.0,0.0,0.0,0.0,0.0,30.0,32.0,31.0,32.0,
1644440072.5839598,5.374,0.0,0.048,0.0,0.0,0.0,0.0,0.0,0.05,30.0,32.0,31.0,32.0,
1644440072.7842236,5.374,0.05,0.0,0.0,0.0,0.0,0.0,0.0,0.0,30.0,32.0,31.0,32.0,
1644440072.9845006,5.374,0.05,0.0,0.0,0.0,0.81,0.0,0.0,0.0,44.0,35.0,33.0,33.0,
1644440073.1847737,5.374,0.05,0.0,0.0,0.048,1.0,0.0,0.0,0.0,46.0,37.0,34.0,34.0,
1644440073.3850389,5.374,0.0,0.0,0.0,0.0,1.0,0.0,0.0,0.0,47.0,38.0,35.0,35.0,
1644440073.5853033,5.374,0.0,0.0,0.0,0.0,1.0,0.05,0.0,0.05,48.0,38.0,36.0,36.0,
1644440073.7855666,5.374,0.095,0.0,0.0,0.048,1.0,0.048,0.0,0.0,48.0,39.0,36.0,36.0,
1644440073.985845,5.374,0.0,0.0,0.0,0.0,1.0,0.05,0.0,0.091,49.0,39.0,37.0,36.0,
1644440074.186118,5.374,0.0,0.0,0.0,0.0,1.0,0.048,0.0,0.0,49.0,40.0,37.0,37.0,
1644440074.3863838,5.374,0.048,0.0,0.0,0.048,1.0,0.0,0.0,0.05,49.0,40.0,37.0,37.0,
1644440074.5866477,5.374,0.05,0.0,0.0,0.048,1.0,0.0,0.0,0.0,49.0,40.0,38.0,37.0,
1644440074.7869163,5.374,0.0,0.0,0.0,0.0,1.0,0.0,0.048,0.0,50.0,41.0,38.0,37.0,
1644440074.9871979,5.374,0.05,0.0,0.0,0.0,1.0,0.0,0.05,0.05,50.0,41.0,38.0,38.0,
1644440075.1874702,5.374,0.05,0.0,0.0,0.0,1.0,0.048,0.048,0.0,50.0,41.0,38.0,38.0,
1644440075.3877382,5.374,0.0,0.0,0.0,0.0,1.0,0.0,0.0,0.0,50.0,41.0,38.0,38.0,
1644440075.5880046,5.374,0.05,0.0,0.0,0.0,1.0,0.0,0.0,0.0,50.0,41.0,38.0,38.0,
1644440075.7882705,5.374,0.0,0.0,0.048,0.0,1.0,0.0,0.0,0.0,50.0,41.0,39.0,38.0,
1644440075.988557,5.374,0.0,0.0,0.0,0.0,1.0,0.0,0.0,0.0,50.0,42.0,39.0,38.0,
1644440076.1888967,5.374,0.095,0.0,0.048,0.0,1.0,0.05,0.0,0.0,50.0,42.0,39.0,38.0,
1644440076.389169,5.374,0.0,0.0,0.0,0.048,1.0,0.0,0.0,0.0,51.0,42.0,39.0,38.0,
1644440076.5894337,5.374,0.0,0.0,0.0,0.048,1.0,0.0,0.0,0.0,51.0,42.0,39.0,38.0,
1644440076.789696,5.374,0.05,0.0,0.0,0.0,1.0,0.05,0.0,0.0,51.0,42.0,39.0,38.0,
1644440076.9899693,5.374,0.05,0.0,0.0,0.05,1.0,0.0,0.05,0.0,51.0,42.0,39.0,38.0,
1644440077.1902344,5.374,0.048,0.0,0.0,0.0,1.0,0.0,0.0,0.05,51.0,42.0,39.0,39.0,
1644440077.3904915,5.374,0.0,0.0,0.0,0.0,1.0,0.05,0.0,0.0,51.0,42.0,39.0,39.0,
1644440077.5907502,5.374,0.05,0.0,0.0,0.0,1.0,0.0,0.0,0.0,51.0,42.0,39.0,39.0,
1644440077.7910256,5.374,0.053,0.048,0.0,0.0,1.0,0.05,0.0,0.0,51.0,42.0,40.0,39.0,
1644440077.9913137,5.374,0.091,0.0,0.0,0.0,1.0,0.0,0.0,0.0,51.0,42.0,39.0,39.0,
1644440078.1915889,5.374,0.0,0.0,0.0,0.0,1.0,0.0,0.0,0.0,51.0,42.0,39.0,39.0,
1644440078.391858,5.374,0.0,0.0,0.0,0.0,1.0,0.0,0.0,0.0,51.0,43.0,40.0,39.0,
1644440078.5921278,5.374,0.05,0.0,0.0,0.0,1.0,0.0,0.0,0.0,51.0,42.0,40.0,39.0,
1644440078.7923944,5.374,0.048,0.0,0.0,0.0,1.0,0.0,0.0,0.0,51.0,42.0,40.0,39.0,
1644440078.9926617,5.374,0.053,0.0,0.0,0.0,1.0,0.0,0.0,0.0,51.0,43.0,40.0,39.0,
1644440079.1929433,5.374,0.095,0.0,0.0,0.048,1.0,0.05,0.0,0.048,51.0,43.0,40.0,39.0,
1644440079.3932173,5.374,0.05,0.0,0.0,0.0,1.0,0.0,0.048,0.0,52.0,43.0,40.0,39.0,
1644440079.593481,5.374,0.0,0.0,0.0,0.048,1.0,0.05,0.0,0.048,51.0,43.0,40.0,39.0,
1644440079.7937412,5.374,0.095,0.0,0.0,0.0,1.0,0.048,0.0,0.048,52.0,43.0,40.0,39.0,
1644440079.9940214,5.374,0.0,0.0,0.0,0.0,1.0,0.05,0.05,0.05,52.0,43.0,40.0,39.0,
1644440080.1942904,5.374,0.05,0.0,0.0,0.048,1.0,0.0,0.0,0.095,52.0,43.0,40.0,39.0,
1644440080.3945591,5.374,0.048,0.0,0.0,0.048,1.0,0.0,0.05,0.0,52.0,43.0,40.0,39.0,
1644440080.594818,5.374,0.0,0.0,0.0,0.0,1.0,0.0,0.0,0.0,52.0,43.0,40.0,39.0,
1644440080.7950776,5.374,0.05,0.0,0.0,0.0,1.0,0.0,0.0,0.0,52.0,43.0,40.0,39.0,
1644440080.9953578,5.374,0.0,0.048,0.0,0.0,1.0,0.0,0.0,0.05,52.0,43.0,40.0,39.0,
1644440081.1956234,5.374,0.0,0.0,0.0,0.0,1.0,0.0,0.0,0.0,52.0,43.0,40.0,39.0,
1644440081.3958933,5.374,0.0,0.0,0.0,0.0,1.0,0.0,0.0,0.0,52.0,43.0,40.0,39.0,
1644440081.596157,5.374,0.048,0.0,0.0,0.0,1.0,0.0,0.0,0.0,52.0,43.0,40.0,39.0,
1644440081.796422,5.374,0.0,0.0,0.0,0.0,1.0,0.0,0.0,0.0,52.0,43.0,40.0,39.0,
1644440081.996692,5.374,0.0,0.0,0.0,0.0,1.0,0.0,0.0,0.0,52.0,43.0,40.0,39.0,
1644440082.1970422,5.374,0.048,0.0,0.0,0.0,1.0,0.0,0.0,0.0,52.0,43.0,40.0,39.0,
1644440082.3973072,5.374,0.05,0.0,0.0,0.048,1.0,0.0,0.0,0.048,52.0,43.0,40.0,39.0,
1644440082.5975676,5.374,0.0,0.0,0.0,0.048,1.0,0.0,0.0,0.0,52.0,43.0,40.0,39.0,
1644440082.7978334,5.374,0.0,0.0,0.0,0.0,1.0,0.0,0.0,0.0,52.0,43.0,40.0,39.0,
1644440082.9980946,5.374,0.095,0.0,0.0,0.0,1.0,0.0,0.048,0.048,52.0,43.0,40.0,39.0,
1644440083.1983702,5.374,0.0,0.0,0.0,0.0,1.0,0.0,0.0,0.048,52.0,43.0,40.0,39.0,
1644440083.398646,5.374,0.05,0.0,0.0,0.0,1.0,0.0,0.0,0.05,52.0,43.0,40.0,39.0,
1644440083.5989108,5.374,0.05,0.0,0.0,0.0,1.0,0.0,0.0,0.0,52.0,43.0,40.0,39.0,
1644440083.7991762,5.374,0.0,0.0,0.0,0.0,1.0,0.0,0.0,0.0,52.0,43.0,40.0,39.0,
1644440083.99946,5.374,0.1,0.0,0.0,0.0,1.0,0.095,0.0,0.0,52.0,44.0,41.0,40.0,
1644440084.1997328,5.374,0.0,0.0,0.0,0.0,1.0,0.0,0.0,0.0,52.0,43.0,40.0,39.0,
1644440084.3999956,5.374,0.095,0.0,0.0,0.0,1.0,0.0,0.048,0.0,52.0,43.0,40.0,39.0,
1644440084.6002657,5.374,0.0,0.0,0.0,0.0,1.0,0.0,0.0,0.0,52.0,43.0,40.0,39.0,
1644440084.8005307,5.374,0.0,0.0,0.0,0.048,1.0,0.0,0.0,0.0,52.0,43.0,40.0,39.0,
1644440085.0008097,5.374,0.0,0.0,0.0,0.0,1.0,0.0,0.0,0.0,52.0,43.0,40.0,39.0,
1644440085.20108,5.374,0.05,0.0,0.0,0.0,1.0,0.0,0.0,0.048,52.0,43.0,40.0,39.0,
1644440085.4013503,5.374,0.05,0.0,0.0,0.048,1.0,0.0,0.0,0.0,52.0,43.0,40.0,40.0,
1644440085.6016166,5.374,0.0,0.0,0.0,0.048,1.0,0.0,0.048,0.0,52.0,43.0,40.0,39.0,
1644440085.8018787,5.374,0.048,0.0,0.0,0.0,1.0,0.0,0.0,0.0,52.0,43.0,40.0,39.0,
1644440086.002157,5.374,0.0,0.0,0.0,0.0,1.0,0.048,0.0,0.13,52.0,43.0,40.0,39.0,
1644440086.2024257,5.374,0.0,0.0,0.0,0.0,1.0,0.0,0.0,0.0,52.0,43.0,40.0,39.0,
1644440086.4026952,5.374,0.0,0.0,0.0,0.048,1.0,0.0,0.0,0.0,52.0,43.0,40.0,39.0,
1644440086.6029572,5.374,0.0,0.0,0.0,0.0,1.0,0.0,0.0,0.0,52.0,43.0,40.0,39.0,
1644440086.8032198,5.374,0.048,0.0,0.0,0.0,1.0,0.0,0.0,0.0,52.0,43.0,40.0,39.0,
1644440087.0035005,5.374,0.0,0.0,0.0,0.0,1.0,0.0,0.05,0.0,52.0,43.0,40.0,39.0,
1644440087.203766,5.374,0.0,0.0,0.0,0.0,1.0,0.0,0.0,0.0,52.0,43.0,40.0,39.0,
1644440087.404032,5.374,0.048,0.0,0.0,0.0,1.0,0.0,0.0,0.0,52.0,43.0,40.0,39.0,
1644440087.6042967,5.374,0.0,0.0,0.0,0.0,1.0,0.0,0.0,0.0,52.0,43.0,40.0,40.0,
1644440087.8045602,5.374,0.0,0.0,0.05,0.0,1.0,0.0,0.0,0.0,52.0,43.0,40.0,39.0,
1644440088.0048418,5.374,0.0,0.0,0.048,0.0,1.0,0.0,0.0,0.0,52.0,43.0,40.0,39.0,
1644440088.205107,5.374,0.0,0.0,0.0,0.0,1.0,0.0,0.0,0.048,52.0,43.0,40.0,39.0,
1644440088.4053729,5.374,0.0,0.0,0.0,0.0,1.0,0.0,0.0,0.048,52.0,43.0,40.0,39.0,
1644440088.6056397,5.374,0.1,0.0,0.0,0.05,0.8,0.0,0.1,0.048,42.0,43.0,41.0,39.0,
1644440088.8059106,5.374,0.0,0.0,0.0,0.0,0.0,0.0,0.0,0.0,37.0,39.0,38.0,38.0,
1644440089.0061836,5.374,0.0,0.0,0.0,0.0,0.0,0.0,0.05,0.048,35.0,38.0,37.0,36.0,
1644440089.206444,5.374,0.0,0.0,0.0,0.048,0.048,0.0,0.0,0.048,34.0,37.0,36.0,36.0,
1644440089.4067109,5.374,0.0,0.0,0.0,0.0,0.0,0.0,0.0,0.0,34.0,36.0,36.0,35.0,
1644440089.6069708,5.374,0.048,0.0,0.0,0.0,0.0,0.0,0.0,0.0,33.0,36.0,35.0,35.0,
1644440089.8072302,5.374,0.0,0.0,0.0,0.0,0.0,0.0,0.048,0.0,33.0,35.0,35.0,34.0,
1644440090.0074952,5.374,0.0,0.0,0.048,0.0,0.0,0.0,0.0,0.0,33.0,35.0,34.0,34.0,
1644440090.207756,5.374,0.048,0.0,0.0,0.0,0.0,0.0,0.0,0.0,32.0,34.0,34.0,34.0,
1644440090.408013,5.374,0.0,0.0,0.0,0.0,0.0,0.0,0.0,0.0,32.0,34.0,34.0,34.0,
1644440090.6082802,5.374,0.0,0.0,0.0,0.0,0.0,0.0,0.0,0.05,32.0,34.0,34.0,34.0,
1644440090.8085425,5.374,0.048,0.0,0.0,0.0,0.0,0.0,0.0,0.0,32.0,34.0,33.0,33.0,
1644440091.0088105,5.374,0.0,0.0,0.0,0.0,0.0,0.0,0.0,0.0,32.0,34.0,33.0,33.0,
1644440091.2090788,5.374,0.0,0.0,0.0,0.048,0.048,0.048,0.0,0.0,31.0,34.0,33.0,33.0,
1644440091.4093413,5.374,0.0,0.0,0.0,0.0,0.0,0.0,0.0,0.0,31.0,33.0,33.0,33.0,
1644440091.6095986,5.374,0.048,0.0,0.0,0.0,0.0,0.0,0.0,0.0,31.0,33.0,33.0,33.0,
1644440091.8098574,5.374,0.048,0.0,0.0,0.05,0.0,0.0,0.0,0.0,31.0,33.0,33.0,33.0,
1644440092.0101206,5.374,0.0,0.0,0.0,0.0,0.0,0.0,0.0,0.048,31.0,33.0,33.0,33.0,
1644440092.210386,5.374,0.0,0.0,0.0,0.0,0.0,0.0,0.0,0.0,31.0,33.0,33.0,33.0,
1644440092.4106483,5.374,0.0,0.0,0.0,0.0,0.0,0.0,0.0,0.0,31.0,33.0,32.0,32.0,
1644440092.6109111,5.374,0.048,0.0,0.0,0.0,0.0,0.0,0.0,0.0,31.0,33.0,32.0,32.0,
1644440092.811171,5.374,0.0,0.0,0.0,0.0,0.0,0.0,0.0,0.0,31.0,32.0,32.0,32.0,
1644440093.0114398,5.374,0.0,0.0,0.0,0.0,0.0,0.0,0.0,0.0,31.0,32.0,32.0,32.0,
1644440093.2116995,5.374,0.0,0.0,0.0,0.048,0.0,0.0,0.0,0.0,30.0,32.0,32.0,32.0,
