time_stamp, total_power, temps_avg,
1646083119.158641,0.0,30.25,
1646083119.3589163,0.0,30.25,
1646083119.5591812,0.0,30.0,
1646083119.7594576,0.0,30.25,
1646083119.959719,0.0,30.25,
1646083120.1599877,2.298,30.25,
1646083120.3602526,2.298,29.75,
1646083120.5605116,2.298,29.75,
1646083120.7608333,2.298,30.5,
1646083120.9611256,2.29,31.75,
1646083121.1614199,2.29,32.5,
1646083121.3617382,2.29,38.75,
1646083121.5620236,2.29,39.0,
1646083121.76234,7.389,37.5,
1646083121.9626446,7.389,36.75,
1646083122.1629388,7.389,36.0,
1646083122.3632464,7.389,36.25,
1646083122.5635436,7.389,38.75,
1646083122.7638474,7.389,37.75,
1646083122.9641476,5.004,37.5,
1646083123.1644475,5.004,37.25,
1646083123.3647442,5.004,37.75,
1646083123.5650358,5.004,37.75,
1646083123.7653413,5.004,37.0,
1646083123.9656405,5.004,37.75,
1646083124.1659305,5.004,37.75,
1646083124.366214,4.096,38.25,
1646083124.5665112,4.096,37.75,
1646083124.7668185,4.096,38.5,
1646083124.967099,4.096,37.25,
1646083125.1674056,4.096,37.5,
1646083125.3677166,4.149,37.75,
1646083125.5680265,4.149,45.0,
1646083125.7684388,6.657,47.5,
1646083125.9689786,6.657,48.0,
1646083126.1695118,6.657,49.25,
1646083126.370052,6.657,49.0,
1646083126.570778,6.657,50.75,
1646083126.7712624,6.657,50.75,
1646083126.971801,8.683,52.0,
1646083127.1723173,8.683,51.25,
1646083127.3728406,8.683,51.75,
1646083127.5733776,8.683,52.0,
1646083127.7739022,8.683,52.5,
1646083127.97442,8.683,52.5,
1646083128.1749287,8.683,53.75,
1646083128.3754468,8.076,53.5,
1646083128.5759757,8.076,53.25,
1646083128.7765093,8.076,53.75,
1646083128.9770553,8.076,54.75,
1646083129.177495,8.076,53.75,
1646083129.377914,8.111,54.5,
1646083129.57845,8.111,54.75,
1646083129.7787535,8.565,54.75,
1646083129.9790447,8.565,55.0,
1646083130.1794639,8.565,55.25,
1646083130.3799932,8.565,55.25,
1646083130.5805225,8.565,55.5,
1646083130.7810194,8.565,54.75,
1646083130.9816225,8.565,55.75,
1646083131.1820471,8.737,56.0,
1646083131.3827052,8.737,55.5,
1646083131.583402,8.737,55.25,
1646083131.7839193,8.87,56.0,
1646083131.9844205,8.87,55.25,
1646083132.1849651,8.87,56.0,
1646083132.3854978,8.87,55.75,
1646083132.5860393,8.87,56.25,
1646083132.7866857,8.87,56.25,
1646083132.987203,8.653,56.0,
1646083133.1877196,8.653,56.25,
1646083133.3882432,8.653,56.5,
1646083133.5887816,8.653,56.25,
1646083133.7892733,8.664,56.25,
1646083133.9897847,8.664,57.0,
1646083134.1903422,8.664,56.5,
1646083134.390864,8.664,57.0,
1646083134.5914373,8.664,55.5,
1646083134.7919579,8.79,56.25,
1646083134.992482,8.79,56.25,
1646083135.1930234,8.79,56.75,
1646083135.3935552,8.79,56.25,
1646083135.594088,8.79,56.75,
1646083135.794762,8.554,55.75,
1646083135.9952924,8.554,57.0,
1646083136.1958184,8.554,57.0,
1646083136.3963602,8.554,57.25,
1646083136.5968783,8.554,57.5,
1646083136.7974045,8.87,57.25,
1646083136.9979277,8.87,57.5,
1646083137.1984441,8.87,57.5,
1646083137.398968,8.87,57.25,
1646083137.5994904,8.87,56.75,
1646083137.8000255,8.63,57.25,
1646083138.000542,8.63,58.25,
1646083138.2010674,8.63,57.75,
1646083138.4015982,8.63,57.25,
1646083138.6021261,8.63,57.5,
1646083138.8027446,8.63,56.75,
1646083139.0032804,8.63,57.5,
1646083139.203811,8.63,58.0,
1646083139.4043248,8.515,58.0,
1646083139.604848,8.515,58.0,
1646083139.8053637,8.515,58.25,
1646083140.0058105,8.714,57.75,
1646083140.2062285,8.714,58.25,
1646083140.406706,8.714,58.0,
1646083140.6069896,8.714,57.25,
1646083140.8073864,8.668,57.75,
1646083141.0079052,8.668,58.25,
1646083141.2084875,8.668,58.0,
1646083141.408923,8.668,58.5,
1646083141.6093569,8.668,58.25,
1646083141.8098,8.668,57.75,
1646083142.010091,8.638,58.0,
1646083142.2105184,8.638,58.0,
1646083142.4110444,8.638,58.0,
1646083142.6115773,8.638,58.75,
1646083142.8121104,8.638,58.0,
1646083143.0126407,8.577,59.0,
1646083143.2131748,8.577,58.0,
1646083143.413708,8.577,58.75,
1646083143.6142492,8.577,56.75,
1646083143.8148024,8.794,58.0,
1646083144.0153053,8.794,58.25,
1646083144.2158217,8.794,58.0,
1646083144.416363,8.794,58.5,
1646083144.616881,8.794,58.75,
1646083144.817406,8.836,58.5,
1646083145.017924,8.836,58.0,
1646083145.218434,8.836,58.5,
1646083145.418871,8.836,58.75,
1646083145.6193945,8.836,58.75,
1646083145.8199086,8.836,59.25,
1646083146.020423,8.58,58.5,
1646083146.2209432,8.58,58.5,
1646083146.4214706,8.58,58.75,
1646083146.621998,8.58,59.0,
1646083146.822521,8.477,57.5,
1646083147.022857,8.477,58.0,
1646083147.2233787,8.477,59.0,
1646083147.4238906,8.477,58.75,
1646083147.6244059,8.477,59.5,
1646083147.8249307,8.985,59.5,
1646083148.0254521,8.985,59.25,
1646083148.225978,8.985,59.25,
1646083148.426516,8.985,58.5,
1646083148.6270373,8.985,58.5,
1646083148.8276722,8.473,58.5,
1646083149.0281992,8.473,58.75,
1646083149.2287166,8.473,59.5,
1646083149.42923,8.473,59.25,
1646083149.6297479,8.473,58.0,
1646083149.8302763,8.97,59.0,
1646083150.0308218,8.97,58.25,
1646083150.2313251,8.97,59.0,
1646083150.431853,8.97,58.5,
1646083150.6323948,8.97,59.5,
1646083150.8329272,8.542,59.25,
1646083151.0334346,8.542,59.5,
1646083151.2340035,8.542,59.75,
1646083151.4345336,8.542,59.25,
1646083151.63508,8.542,59.25,
1646083151.8355966,8.634,59.75,
1646083152.0361173,8.634,59.5,
1646083152.2366338,8.634,58.75,
1646083152.437181,8.634,59.0,
1646083152.6377149,8.634,59.0,
1646083152.838253,8.863,58.75,
1646083153.0387735,8.863,59.75,
1646083153.239289,8.863,59.75,
1646083153.4398224,8.863,58.75,
1646083153.640344,8.863,59.75,
1646083153.8408704,8.981,59.25,
1646083154.0413818,8.981,59.5,
1646083154.241899,8.981,59.75,
1646083154.442425,8.981,59.0,
1646083154.6429515,8.981,59.75,
1646083154.843415,8.725,59.5,
1646083155.0438297,8.725,60.25,
1646083155.2443743,8.725,59.25,
1646083155.4451027,8.725,59.5,
1646083155.6456418,8.725,60.0,
1646083155.846358,8.71,59.0,
1646083156.046999,8.71,59.75,
1646083156.2475111,8.71,60.0,
1646083156.448043,8.71,59.5,
1646083156.6484728,8.71,58.0,
1646083156.8489044,8.676,60.0,
1646083157.0494006,8.676,59.75,
1646083157.2499223,8.676,60.0,
1646083157.450488,8.676,60.0,
1646083157.6510053,8.676,60.5,
1646083157.851475,8.897,60.0,
1646083158.0518851,8.897,60.25,
1646083158.2523289,8.897,60.25,
1646083158.452732,8.897,60.0,
1646083158.6532972,8.897,60.25,
1646083158.8538132,8.897,60.25,
1646083159.054341,8.897,60.0,
1646083159.2549682,8.897,59.5,
1646083159.4560225,8.897,59.0,
1646083159.6565645,8.897,60.0,
1646083159.8571246,8.897,60.0,
1646083160.0578177,8.42,59.25,
1646083160.2582972,8.42,60.0,
1646083160.4587262,8.42,59.75,
1646083160.6592557,8.42,59.75,
1646083160.859779,8.966,59.75,
1646083161.0603118,8.966,60.5,
1646083161.260597,8.966,59.75,
1646083161.4608886,8.966,59.75,
1646083161.6611974,8.966,60.25,
1646083161.8616104,8.966,60.5,
1646083162.0621264,8.867,59.25,
1646083162.2629726,8.867,60.75,
1646083162.4634876,8.867,60.25,
1646083162.6641924,8.867,59.75,
1646083162.8646758,8.466,60.0,
1646083163.0652447,8.466,60.0,
1646083163.2655685,8.466,59.0,
1646083163.4659958,8.466,60.0,
1646083163.6665301,8.466,60.5,
1646083163.86707,8.569,59.5,
1646083164.0675852,8.569,60.5,
1646083164.2682462,8.569,60.25,
1646083164.4687512,8.569,59.5,
1646083164.6692863,8.569,58.75,
1646083164.869807,8.569,60.0,
1646083165.0703356,8.851,60.0,
1646083165.2708647,8.851,60.5,
1646083165.4713798,8.851,60.5,
1646083165.6720533,8.851,60.0,
1646083165.8725877,8.851,60.75,
1646083166.0731041,8.851,61.25,
1646083166.2736318,8.851,60.75,
1646083166.474161,8.649,60.25,
1646083166.675254,8.649,60.75,
1646083166.875771,8.115,60.0,
1646083167.0762897,8.115,60.5,
1646083167.2768157,8.115,60.75,
1646083167.4773624,8.115,60.25,
1646083167.6778975,9.038,60.5,
1646083167.878446,9.038,59.5,
1646083168.0789719,9.038,61.0,
1646083168.2795036,9.038,60.75,
1646083168.4800434,9.038,60.75,
1646083168.6805675,9.038,60.25,
1646083168.8810916,9.019,60.5,
1646083169.0815904,9.019,61.0,
1646083169.2821078,9.019,61.0,
1646083169.482839,9.019,61.0,
1646083169.6833653,9.019,60.75,
1646083169.883899,8.538,60.0,
1646083170.0844293,8.538,60.5,
1646083170.2849479,8.538,59.5,
1646083170.4854834,8.538,60.0,
1646083170.6860013,8.538,59.5,
1646083170.886529,8.569,60.0,
1646083171.087054,8.569,59.5,
1646083171.287588,8.569,59.75,
1646083171.4884694,8.569,60.0,
1646083171.6890252,8.569,60.25,
1646083171.8893545,8.84,59.0,
1646083172.0897644,8.84,61.0,
1646083172.2903008,8.84,59.25,
1646083172.4908206,8.84,60.0,
1646083172.6913445,8.683,60.0,
1646083172.891858,8.683,60.5,
1646083173.0923707,8.683,60.5,
1646083173.2928727,8.683,60.75,
1646083173.493396,8.683,60.75,
1646083173.6939166,8.683,60.75,
1646083173.8944528,8.63,60.75,
1646083174.0949862,8.63,61.0,
1646083174.2955058,8.63,60.5,
1646083174.4960475,8.63,60.75,
1646083174.6965837,8.63,61.5,
1646083174.8971128,8.63,61.5,
1646083175.097633,8.63,61.0,
1646083175.2981634,9.023,60.5,
1646083175.4988868,9.023,61.25,
1646083175.6994042,9.023,61.25,
1646083175.8999295,8.389,60.25,
1646083176.1004543,8.389,60.75,
1646083176.3009748,8.389,61.0,
1646083176.5014827,8.389,60.25,
1646083176.702,8.389,61.25,
1646083176.902536,9.107,60.0,
1646083177.1030734,9.107,61.0,
1646083177.3035843,9.107,60.0,
1646083177.5041218,9.107,60.25,
1646083177.7046425,9.107,61.0,
1646083177.9051664,9.107,61.0,
1646083178.1056864,8.615,61.0,
1646083178.3061895,8.615,61.5,
1646083178.5067403,8.615,61.25,
1646083178.7071705,8.615,61.75,
1646083178.9074585,8.615,61.5,
1646083179.107855,8.981,61.75,
1646083179.3083718,8.981,61.5,
1646083179.5088892,8.981,61.25,
1646083179.7093995,8.981,61.0,
1646083179.9099135,8.836,61.25,
1646083180.1104345,8.836,60.5,
1646083180.3109658,8.836,61.25,
1646083180.5114844,8.836,60.0,
1646083180.7120094,8.836,61.5,
1646083180.912553,8.836,61.25,
1646083181.113084,8.271,61.25,
1646083181.3135948,8.271,60.75,
1646083181.51415,8.271,61.5,
1646083181.714762,8.271,61.75,
1646083181.9152863,8.962,61.5,
1646083182.1158025,8.962,61.0,
1646083182.3163188,8.962,61.5,
1646083182.51684,8.962,61.5,
1646083182.717363,8.962,61.25,
1646083182.9178839,8.962,61.0,
1646083183.118413,8.809,61.5,
1646083183.318943,8.809,62.25,
1646083183.519465,8.809,61.75,
1646083183.719998,8.809,61.5,
1646083183.9205284,8.802,60.25,
1646083184.121055,8.802,61.0,
1646083184.3215828,8.802,61.5,
1646083184.5221236,8.802,60.5,
1646083184.7227945,8.531,61.25,
1646083184.923319,8.531,61.0,
1646083185.123831,8.531,61.5,
1646083185.3243675,8.531,61.0,
1646083185.524894,8.531,61.5,
1646083185.7254236,8.657,61.25,
1646083185.9259374,8.657,61.25,
1646083186.1264513,8.657,61.25,
1646083186.3269713,8.657,61.25,
1646083186.5274832,8.657,61.25,
1646083186.728,8.657,61.25,
1646083186.9285276,8.657,61.0,
1646083187.1290483,8.657,61.0,
1646083187.329574,8.638,61.0,
1646083187.5301232,8.638,59.75,
1646083187.7307591,8.638,61.5,
1646083187.9312775,8.638,61.0,
1646083188.1317818,8.638,61.25,
1646083188.3323276,8.638,61.0,
1646083188.5328512,8.683,61.0,
1646083188.7333598,8.523,61.0,
1646083188.933889,8.523,61.25,
1646083189.1344147,8.523,61.25,
1646083189.3349376,8.523,61.75,
1646083189.5354536,8.523,60.5,
1646083189.7359717,8.523,60.5,
1646083189.936497,8.523,60.75,
1646083190.1370046,8.523,62.0,
1646083190.337511,8.523,61.75,
1646083190.5380342,8.523,61.25,
1646083190.7385538,8.523,61.25,
1646083190.939061,8.523,60.5,
1646083191.139501,8.523,60.0,
1646083191.3399093,8.523,61.25,
1646083191.540431,8.523,61.25,
1646083191.7409422,8.523,61.5,
1646083191.9414594,8.523,61.25,
1646083192.1418715,8.523,61.0,
1646083192.3421478,8.523,61.25,
1646083192.542444,8.523,61.5,
1646083192.7426744,8.966,61.0,
1646083192.9430075,8.966,61.25,
1646083193.143428,8.966,61.0,
1646083193.3441348,8.966,59.75,
1646083193.5446599,8.966,60.75,
1646083193.7452002,8.966,61.25,
1646083193.9457347,8.454,61.5,
1646083194.146255,8.454,61.0,
1646083194.3467925,8.454,60.75,
1646083194.5472193,8.454,61.0,
1646083194.7476227,8.508,61.25,
1646083194.9480708,8.508,61.75,
1646083195.1484876,8.508,61.75,
1646083195.3490536,8.508,61.25,
1646083195.5497327,8.508,61.0,
1646083195.7501655,8.508,61.25,
1646083195.9507148,8.508,61.0,
1646083196.151156,8.508,61.25,
1646083196.3515391,8.695,61.5,
1646083196.552072,8.695,61.75,
1646083196.7526124,8.695,61.25,
1646083196.9531436,8.771,61.0,
1646083197.1536405,8.771,61.5,
1646083197.354177,8.771,61.25,
1646083197.5547981,8.771,60.75,
1646083197.755318,8.599,61.5,
1646083197.9558482,8.599,62.0,
1646083198.1563685,8.599,61.5,
1646083198.35688,8.599,61.75,
1646083198.5573936,8.599,61.5,
1646083198.7579145,8.569,61.5,
1646083198.95843,8.569,61.25,
1646083199.1589503,8.569,61.75,
1646083199.3594947,8.569,61.0,
1646083199.5600238,8.569,61.5,
1646083199.760548,8.569,62.0,
1646083199.9610746,8.882,61.0,
1646083200.1615934,8.882,61.75,
1646083200.3621087,8.882,61.25,
1646083200.5627437,8.882,61.75,
1646083200.7632778,8.882,61.0,
1646083200.9638083,8.66,61.75,
1646083201.164315,8.66,60.25,
1646083201.3648345,8.66,61.5,
1646083201.565353,8.66,61.0,
1646083201.7658765,8.66,61.75,
1646083201.9663951,8.66,61.25,
1646083202.1669369,8.924,61.75,
1646083202.3674488,8.924,61.25,
1646083202.5679886,8.924,62.5,
1646083202.7685118,8.924,62.25,
1646083202.9690444,8.951,61.5,
1646083203.1695697,8.951,62.0,
1646083203.3700848,8.951,61.5,
1646083203.5707173,8.951,61.5,
1646083203.7714198,8.951,61.0,
1646083203.9719498,8.817,61.5,
1646083204.1724746,8.817,62.0,
1646083204.3729587,8.817,61.25,
1646083204.5734806,8.817,61.25,
1646083204.77402,8.783,60.75,
1646083204.9745257,8.783,62.0,
1646083205.1750414,8.783,62.0,
1646083205.3756855,8.783,61.5,
1646083205.5762002,8.783,61.25,
1646083205.7767365,8.592,61.5,
1646083205.9772508,8.592,62.25,
1646083206.1777751,8.592,61.75,
1646083206.3782973,8.592,61.75,
1646083206.5787375,8.592,61.5,
1646083206.7791653,8.756,61.5,
1646083206.9797192,8.756,61.75,
1646083207.1802537,8.756,62.0,
1646083207.3807733,8.756,62.25,
1646083207.5812726,8.756,62.0,
1646083207.7818089,8.92,62.0,
1646083207.9823296,8.92,62.25,
1646083208.1828308,8.92,60.5,
1646083208.3833432,8.92,61.25,
1646083208.5838726,8.92,61.5,
1646083208.7843924,8.92,62.0,
1646083208.984921,8.729,62.0,
1646083209.1854494,8.729,61.75,
1646083209.385966,8.729,62.0,
1646083209.5864887,8.729,62.0,
1646083209.7870216,8.848,61.25,
1646083209.9875364,8.848,61.25,
1646083210.1881912,8.848,62.0,
1646083210.3887262,8.848,62.0,
1646083210.589251,8.848,61.75,
1646083210.7897792,8.802,61.5,
1646083210.990283,8.802,61.5,
1646083211.1908095,8.802,61.5,
1646083211.3914862,8.802,62.25,
1646083211.592035,8.802,61.25,
1646083211.7925498,8.802,61.25,
1646083211.993081,8.653,61.75,
1646083212.1936018,8.653,61.25,
1646083212.3941388,8.653,60.0,
1646083212.5948002,8.653,61.75,
1646083212.7953296,8.653,62.0,
1646083212.9958525,8.286,60.5,
1646083213.1963787,8.286,62.0,
1646083213.3969147,8.286,61.25,
1646083213.597461,8.286,61.75,
1646083213.7979946,8.286,62.25,
1646083213.9985342,8.493,62.0,
1646083214.1990545,8.493,61.75,
1646083214.3995733,8.493,62.0,
1646083214.6001265,8.493,61.25,
1646083214.800655,8.702,61.75,
1646083215.0011842,8.702,62.25,
1646083215.2017186,8.702,62.25,
1646083215.4022434,8.702,61.75,
1646083215.6027722,8.702,62.25,
1646083215.8034437,8.702,60.5,
1646083216.0039923,9.0,61.0,
1646083216.2045248,9.0,62.0,
1646083216.405057,9.0,61.75,
1646083216.6055892,9.0,61.5,
1646083216.8061202,9.0,61.25,
1646083217.0067587,8.664,61.5,
1646083217.2072692,8.664,62.0,
1646083217.4077806,8.664,61.75,
1646083217.6083133,8.664,61.5,
1646083217.808826,8.71,61.25,
1646083218.0093482,8.71,61.5,
1646083218.209856,8.71,61.75,
1646083218.4103913,8.71,62.0,
1646083218.6108959,8.71,61.75,
1646083218.8113945,8.71,62.0,
1646083219.011909,8.71,62.25,
1646083219.2124395,8.71,61.75,
1646083219.4129732,8.71,61.25,
1646083219.6134882,8.71,61.75,
1646083219.8140168,8.71,62.25,
1646083220.0145633,8.71,62.0,
1646083220.2150714,8.71,62.0,
1646083220.4155903,8.653,62.0,
1646083220.616116,8.653,62.25,
1646083220.8166485,8.756,62.25,
1646083221.017182,8.756,62.0,
1646083221.2177083,8.756,60.5,
1646083221.4182365,8.756,61.75,
1646083221.6187851,8.756,61.5,
1646083221.8193548,8.756,61.75,
1646083222.0197783,8.699,61.75,
1646083222.2202969,8.699,61.5,
1646083222.4208505,8.699,61.25,
1646083222.6213393,8.699,61.25,
1646083222.821873,8.439,61.75,
1646083223.0224054,8.439,62.25,
1646083223.2229402,8.439,62.0,
1646083223.423613,8.439,62.0,
1646083223.6240664,8.439,61.75,
1646083223.8244853,8.599,61.5,
1646083224.025027,8.599,61.25,
1646083224.2255645,8.599,61.5,
1646083224.4260993,8.599,61.25,
1646083224.6267715,8.599,60.75,
1646083224.8273091,8.599,61.25,
1646083225.0279753,8.599,61.25,
1646083225.228486,8.599,61.0,
1646083225.4290183,8.599,62.0,
1646083225.6295488,8.599,62.0,
1646083225.830061,8.599,62.25,
1646083226.0307264,8.599,61.75,
1646083226.231259,8.599,61.25,
1646083226.4317877,8.599,61.0,
1646083226.6323106,8.599,62.0,
1646083226.8328466,8.599,62.5,
1646083227.0333817,8.599,61.75,
1646083227.2339191,8.599,62.0,
1646083227.4344573,8.599,61.5,
1646083227.6349998,8.599,62.0,
1646083227.835726,8.599,62.5,
1646083228.0361633,8.599,61.5,
1646083228.2364633,8.599,62.25,
1646083228.4369292,8.599,61.5,
1646083228.6374457,8.599,62.0,
1646083228.837972,8.599,62.0,
1646083229.0385017,8.599,62.5,
1646083229.2390451,8.599,62.25,
1646083229.439576,8.599,62.5,
1646083229.6400874,8.599,62.75,
1646083229.8406026,8.599,62.0,
1646083230.041136,8.599,62.5,
1646083230.2416468,8.599,62.0,
1646083230.4421024,8.599,61.0,
1646083230.6425374,8.599,60.75,
1646083230.8430805,8.599,60.0,
1646083231.043528,8.599,60.75,
1646083231.2439358,8.599,61.25,
1646083231.4444695,8.458,61.5,
1646083231.6449757,8.458,61.0,
1646083231.8454766,8.458,62.0,
1646083232.0459895,8.512,61.75,
1646083232.2465127,8.512,62.0,
1646083232.447056,8.512,61.5,
1646083232.6475847,8.512,61.75,
1646083232.8481061,8.63,62.25,
1646083233.04866,8.63,61.75,
1646083233.249183,8.63,60.75,
1646083233.4496958,8.63,61.5,
1646083233.6501968,8.63,61.0,
1646083233.8507335,8.809,61.25,
1646083234.0512617,8.809,62.25,
1646083234.251783,8.809,61.0,
1646083234.452305,8.809,61.75,
1646083234.6528296,8.809,62.25,
1646083234.8533623,8.809,61.75,
1646083235.0538697,8.809,62.0,
1646083235.2544172,8.809,61.75,
1646083235.4550772,8.809,62.0,
1646083235.6556263,8.809,62.5,
1646083235.8560784,8.809,61.75,
1646083236.0563796,8.809,62.5,
1646083236.2566788,8.809,61.75,
1646083236.4570982,8.809,62.25,
1646083236.657632,8.809,61.75,
1646083236.8581622,8.809,61.25,
1646083237.0587358,8.947,62.25,
1646083237.259249,8.947,61.0,
1646083237.4597018,8.947,61.0,
1646083237.6600146,8.947,62.25,
1646083237.8604207,8.947,62.0,
1646083238.0609567,8.947,62.0,
1646083238.2614627,8.947,62.0,
1646083238.4619987,8.947,62.5,
1646083238.6625197,8.947,62.25,
1646083238.8630545,8.947,62.25,
1646083239.0635722,8.947,62.25,
1646083239.264096,8.947,61.5,
1646083239.4646118,8.947,62.0,
1646083239.6651313,8.947,62.0,
1646083239.86565,8.947,62.25,
1646083240.066166,8.947,61.75,
1646083240.266786,8.947,62.25,
1646083240.4674582,8.947,62.75,
1646083240.6679761,8.947,61.25,
1646083240.8685327,8.947,62.25,
1646083241.068992,8.947,61.25,
1646083241.2693346,8.947,60.5,
1646083241.4696558,8.947,62.0,
1646083241.6699984,8.947,62.0,
1646083241.8704305,8.496,62.25,
1646083242.0709622,8.496,62.0,
1646083242.2715025,8.496,62.5,
1646083242.4720159,8.496,62.25,
1646083242.6725347,8.496,61.75,
1646083242.8730586,8.496,61.75,
1646083243.0735958,9.138,62.0,
1646083243.2741086,9.138,61.75,
1646083243.4747603,9.138,62.25,
1646083243.6752884,9.138,61.0,
1646083243.875829,8.702,62.25,
1646083244.0763633,8.702,62.25,
1646083244.2768772,8.702,61.25,
1646083244.4774218,8.702,62.0,
1646083244.6779585,8.702,62.0,
1646083244.8784583,8.767,62.25,
1646083245.078988,8.767,62.5,
1646083245.2795012,8.767,61.75,
1646083245.4800205,8.767,62.25,
1646083245.6805515,8.767,62.25,
1646083245.8810737,8.702,61.75,
1646083246.0815854,8.702,62.25,
1646083246.2820997,8.702,62.25,
1646083246.4828076,8.702,62.25,
1646083246.6836665,8.702,61.5,
1646083246.8841822,8.702,61.0,
1646083247.0847013,8.775,61.5,
1646083247.2852113,8.775,62.25,
1646083247.4857392,8.775,61.0,
1646083247.686228,8.775,62.25,
1646083247.886736,8.775,61.75,
1646083248.0872715,8.775,62.0,
1646083248.2877948,8.775,62.75,
1646083248.4883242,8.775,62.25,
1646083248.688843,8.775,62.5,
1646083248.8893623,8.775,62.5,
1646083249.0898845,8.775,62.0,
1646083249.2904294,8.775,62.25,
1646083249.4909382,8.775,62.5,
1646083249.69159,8.775,62.25,
1646083249.892115,8.775,62.25,
1646083250.0926762,8.775,62.25,
1646083250.2931845,8.775,62.5,
1646083250.4936957,8.775,61.5,
1646083250.6942174,8.775,61.75,
1646083250.894748,8.775,62.5,
1646083251.0952668,8.775,61.5,
1646083251.295899,8.775,62.0,
1646083251.4964252,8.775,61.5,
1646083251.6969547,8.775,62.25,
1646083251.897485,8.695,61.0,
1646083252.0980272,8.695,62.0,
1646083252.2984772,8.695,62.25,
1646083252.498669,8.695,62.0,
1646083252.6991017,8.695,62.25,
1646083252.8996413,8.695,62.75,
1646083253.1001692,8.695,61.75,
1646083253.3006945,8.695,62.25,
1646083253.5012114,8.695,62.0,
1646083253.7017403,9.042,62.25,
1646083253.902272,9.042,62.25,
1646083254.1027963,9.042,62.0,
1646083254.3033261,9.042,62.0,
1646083254.5038521,9.042,61.75,
1646083254.7043643,9.042,62.25,
1646083254.9049053,8.599,61.25,
1646083255.105414,8.599,62.0,
1646083255.30595,8.599,62.25,
1646083255.506476,8.599,60.0,
1646083255.7070224,8.599,61.5,
1646083255.9075832,8.577,61.25,
1646083256.1080744,8.577,62.0,
1646083256.3085866,8.577,61.0,
1646083256.5090976,8.577,61.75,
1646083256.7096336,8.577,61.75,
1646083256.910182,8.577,62.25,
1646083257.1107285,8.29,62.0,
1646083257.31125,8.29,62.0,
1646083257.5117772,8.29,62.0,
1646083257.7123218,8.592,62.0,
1646083257.9128585,8.592,61.0,
1646083258.1133904,8.592,59.75,
1646083258.3139093,8.592,62.5,
1646083258.514446,8.592,60.25,
1646083258.714839,8.592,61.0,
1646083258.915364,8.592,62.25,
1646083259.115905,9.027,61.5,
1646083259.3164122,9.027,60.25,
1646083259.5169303,9.027,60.75,
1646083259.7174406,9.027,61.5,
1646083259.9179866,8.344,61.75,
1646083260.118515,8.344,61.75,
1646083260.3191702,8.344,61.5,
1646083260.5196767,8.344,60.75,
1646083260.720211,8.344,62.0,
1646083260.9207451,8.683,61.75,
1646083261.121263,8.683,61.75,
1646083261.3217883,8.683,61.25,
1646083261.522297,8.683,61.75,
1646083261.7228298,8.683,61.25,
1646083261.923357,8.63,61.75,
1646083262.123899,8.63,61.25,
1646083262.3244164,8.63,61.25,
1646083262.524949,8.63,61.0,
1646083262.7254605,8.63,62.25,
1646083262.925973,8.63,62.25,
1646083263.1265228,8.523,62.0,
1646083263.3270173,8.523,62.5,
1646083263.5274537,8.523,62.25,
1646083263.7278957,8.886,62.25,
1646083263.928283,8.886,61.25,
1646083264.1288168,8.886,62.25,
1646083264.3293598,8.886,62.25,
1646083264.5298998,8.886,62.5,
1646083264.7304382,8.886,62.0,
1646083264.9311602,8.813,62.5,
1646083265.1314743,8.813,62.0,
1646083265.3318017,8.813,61.0,
1646083265.5322244,8.813,62.25,
1646083265.732801,8.813,61.25,
1646083265.9332933,8.538,62.25,
1646083266.1337862,8.538,62.25,
1646083266.3343127,8.538,61.25,
1646083266.5348358,8.538,62.25,
1646083266.7353487,8.172,62.0,
1646083266.935845,8.172,61.5,
1646083267.1363633,8.172,61.25,
1646083267.3369055,8.172,61.75,
1646083267.537419,8.172,61.75,
1646083267.7379527,8.485,62.25,
1646083267.9384727,8.485,62.5,
1646083268.1391242,8.485,62.5,
1646083268.3396525,8.485,62.25,
1646083268.5402057,8.485,62.5,
1646083268.7407248,8.485,62.25,
1646083268.9412608,8.931,62.0,
1646083269.1417587,8.931,61.0,
1646083269.3422687,8.931,61.75,
1646083269.5427344,8.931,61.25,
1646083269.74326,8.931,61.0,
1646083269.9437964,8.68,61.5,
1646083270.1443286,8.68,62.0,
1646083270.344865,8.68,61.75,
1646083270.545526,8.68,62.5,
1646083270.7460616,8.68,62.5,
1646083270.9467313,8.76,61.5,
1646083271.147255,8.76,62.5,
1646083271.3477883,8.76,62.75,
1646083271.5483239,8.76,62.5,
1646083271.7488496,8.76,62.5,
1646083271.9492846,8.886,62.25,
1646083272.149581,8.886,62.5,
1646083272.3499079,8.886,62.5,
1646083272.5503397,8.886,62.25,
1646083272.7508955,8.886,62.0,
1646083272.951554,8.996,62.25,
1646083273.152271,8.996,61.75,
1646083273.3528051,8.996,62.5,
1646083273.5532224,8.996,60.75,
1646083273.7536504,8.996,62.0,
1646083273.9541495,8.733,61.75,
1646083274.1548116,8.733,60.5,
1646083274.3553169,8.733,61.5,
1646083274.555859,8.733,61.5,
1646083274.756385,8.977,61.25,
1646083274.9569182,8.977,62.25,
1646083275.1574504,8.977,62.5,
1646083275.357993,8.977,62.0,
1646083275.558535,8.977,60.0,
1646083275.7590551,8.584,61.75,
1646083275.959535,8.584,62.25,
1646083276.160052,8.584,61.75,
1646083276.360578,8.584,62.0,
1646083276.5610957,8.584,62.0,
1646083276.7616162,8.584,61.75,
1646083276.9621122,8.531,61.75,
1646083277.1627808,8.531,62.5,
1646083277.3634453,8.531,62.25,
1646083277.5639734,8.531,62.5,
1646083277.7645066,8.802,62.0,
1646083277.965013,8.802,62.5,
1646083278.1655438,8.802,62.0,
1646083278.3660629,8.802,62.5,
1646083278.5666928,8.802,61.75,
1646083278.767204,8.802,62.0,
1646083278.9677193,8.802,62.5,
1646083279.1681674,8.649,62.25,
1646083279.368595,8.649,62.25,
1646083279.5691338,8.649,61.5,
1646083279.7696702,8.649,62.0,
1646083279.9702072,9.035,62.25,
1646083280.1707253,9.035,62.25,
1646083280.3711646,9.035,62.5,
1646083280.5714452,9.035,60.75,
1646083280.7717664,8.798,62.0,
1646083280.9721916,8.798,62.25,
1646083281.1727374,8.798,63.0,
1646083281.3732958,8.798,62.75,
1646083281.5738292,8.798,62.25,
1646083281.7743533,8.798,62.5,
1646083281.9748957,8.527,62.25,
1646083282.1754131,8.527,62.25,
1646083282.3760293,8.527,62.75,
1646083282.5766947,8.527,62.25,
1646083282.7772253,8.409,62.75,
1646083282.9777467,8.409,61.5,
1646083283.1782794,8.409,63.0,
1646083283.3788106,8.409,62.75,
1646083283.57934,8.409,62.5,
1646083283.7798634,8.409,62.75,
1646083283.9803958,8.977,60.75,
1646083284.1809387,8.977,62.0,
1646083284.381454,8.977,62.5,
1646083284.5819852,8.977,62.5,
1646083284.7825127,8.977,62.25,
1646083284.9830477,8.977,61.5,
1646083285.1835718,8.977,61.25,
1646083285.3840904,8.748,61.25,
1646083285.5846167,8.748,61.5,
1646083285.7851465,8.748,62.5,
1646083285.985635,8.748,62.75,
1646083286.1861827,8.748,62.75,
1646083286.3867402,8.634,62.25,
1646083286.587328,8.634,61.25,
1646083286.787842,8.183,61.5,
1646083286.98834,8.183,61.5,
1646083287.1888602,8.183,62.25,
1646083287.389397,8.183,62.0,
1646083287.589916,8.183,61.75,
1646083287.7904441,8.603,62.0,
1646083287.9908345,8.603,62.25,
1646083288.191344,8.603,62.0,
1646083288.3918648,8.603,62.25,
1646083288.5923662,8.603,61.75,
1646083288.7928765,8.603,62.25,
1646083288.9933655,8.382,62.25,
1646083289.1938977,8.382,62.25,
1646083289.3944275,8.382,62.25,
1646083289.594951,8.382,62.5,
1646083289.795629,8.382,61.5,
1646083289.9961007,8.809,61.25,
1646083290.196403,8.809,62.0,
1646083290.396806,8.809,62.5,
1646083290.5973437,8.809,62.0,
1646083290.7978852,8.542,61.75,
1646083290.998401,8.542,62.25,
1646083291.1987522,8.542,62.25,
1646083291.3990514,8.542,61.5,
1646083291.5994759,8.542,61.0,
1646083291.7999687,8.702,62.25,
1646083292.000507,8.702,61.75,
1646083292.2009425,8.702,62.25,
1646083292.401347,8.702,62.25,
1646083292.6018748,8.702,62.25,
1646083292.8024013,8.912,62.5,
1646083293.002975,8.912,61.25,
1646083293.2034857,8.912,63.0,
1646083293.4040072,8.912,62.75,
1646083293.6045458,8.912,62.75,
1646083293.8050632,8.912,62.75,
1646083294.0055711,8.828,62.5,
1646083294.2060876,8.828,62.25,
1646083294.4067442,8.828,62.5,
1646083294.6072571,8.828,62.75,
1646083294.8077703,8.641,62.75,
1646083295.0082865,8.641,63.25,
1646083295.2088096,8.641,62.25,
1646083295.4093444,8.641,61.5,
1646083295.609877,8.641,62.5,
1646083295.8104043,8.641,62.25,
1646083296.0109184,8.454,62.5,
1646083296.2115014,8.454,61.5,
1646083296.412008,8.454,62.5,
1646083296.6125135,8.454,62.75,
1646083296.8130255,9.077,62.5,
1646083297.0135455,9.077,62.25,
1646083297.213981,9.077,63.0,
1646083297.414398,9.077,63.0,
1646083297.6149282,9.077,62.5,
1646083297.8154333,9.077,62.25,
1646083298.0160458,8.508,62.25,
1646083298.2165682,8.508,61.75,
1646083298.4170856,8.508,62.75,
1646083298.617602,8.508,63.0,
1646083298.8181,8.508,62.25,
1646083299.0185373,8.508,63.0,
1646083299.2188063,8.508,63.0,
1646083299.4193187,8.508,62.75,
1646083299.6198423,8.687,62.5,
1646083299.8202903,8.993,59.25,
1646083300.0205855,8.993,54.75,
1646083300.2209046,8.993,51.5,
1646083300.4212344,8.993,51.0,
1646083300.621533,8.993,51.0,
1646083300.8218143,4.508,49.5,
1646083301.0221338,4.508,49.5,
1646083301.2224412,4.508,48.75,
1646083301.42267,4.508,48.75,
1646083301.6229677,4.508,47.5,
1646083301.8232756,4.508,47.25,
1646083302.0235734,4.908,53.5,
1646083302.2239187,4.908,56.0,
1646083302.4243405,4.908,57.75,
1646083302.6250288,4.908,58.5,
1646083302.825553,4.908,58.25,
1646083303.0260682,8.893,59.25,
1646083303.2267451,8.893,59.0,
1646083303.4271972,8.893,60.0,
1646083303.6276119,8.893,60.75,
1646083303.8281531,8.985,60.25,
1646083304.0286775,8.985,61.0,
1646083304.229207,8.985,60.0,
1646083304.4297202,8.985,61.25,
1646083304.6302469,8.985,60.25,
1646083304.830768,8.848,61.0,
1646083305.031412,8.848,60.25,
1646083305.2319279,8.848,61.25,
1646083305.432441,8.848,61.75,
1646083305.6329498,8.848,60.75,
1646083305.8334608,8.554,61.5,
1646083306.033976,8.554,61.5,
1646083306.2344837,8.554,62.0,
1646083306.4349928,8.554,60.5,
1646083306.6355116,8.554,61.5,
1646083306.83604,8.519,61.75,
1646083307.0365632,8.519,61.75,
1646083307.2370899,8.519,62.25,
1646083307.4375346,8.519,61.75,
1646083307.6379552,8.519,62.0,
1646083307.8384988,8.519,61.25,
1646083308.0389824,9.08,61.5,
1646083308.2395155,9.08,61.25,
1646083308.4401736,9.08,61.75,
1646083308.6407168,9.08,61.5,
1646083308.8412368,9.13,62.25,
1646083309.0417573,9.13,62.25,
1646083309.2422602,9.13,62.5,
1646083309.4428072,9.13,62.5,
1646083309.643319,9.13,62.25,
1646083309.8439722,9.054,62.25,
1646083310.0444791,9.054,62.5,
1646083310.2449892,9.054,61.75,
1646083310.4455097,9.054,62.25,
1646083310.6460197,9.054,62.25,
1646083310.8465157,8.523,62.5,
1646083311.047027,8.523,62.0,
1646083311.2475343,8.523,61.75,
1646083311.448056,8.523,61.5,
1646083311.6485672,8.523,61.0,
1646083311.8490674,8.447,61.5,
1646083312.0495794,8.447,62.0,
1646083312.250087,8.447,61.75,
1646083312.4507484,8.447,61.75,
1646083312.6512694,8.447,62.0,
1646083312.8519328,8.447,62.25,
1646083313.0524414,8.561,62.0,
1646083313.2529671,8.561,61.0,
1646083313.4534864,8.561,61.0,
1646083313.654009,8.561,62.25,
1646083313.8545268,8.825,61.75,
1646083314.0550709,8.825,61.5,
1646083314.2555895,8.825,62.0,
1646083314.4561174,8.825,62.0,
1646083314.6566305,8.825,62.0,
1646083314.8571448,8.634,62.25,
1646083315.0576465,8.634,62.25,
1646083315.2581813,8.634,61.75,
1646083315.4587445,8.634,62.5,
1646083315.6591868,8.634,61.0,
1646083315.8595972,8.634,62.0,
1646083316.0601242,8.653,62.0,
1646083316.2606535,8.653,60.75,
1646083316.461154,8.653,62.5,
1646083316.6616778,8.653,62.25,
1646083316.8621955,8.794,61.5,
1646083317.0627606,8.794,62.0,
1646083317.2632654,8.794,60.5,
1646083317.4639285,8.794,62.25,
1646083317.6644447,8.794,62.0,
1646083317.864976,8.794,62.5,
1646083318.0655215,8.794,62.25,
1646083318.2660751,8.794,61.25,
1646083318.4667685,8.794,61.75,
1646083318.667287,8.794,62.5,
1646083318.867888,8.794,61.25,
1646083319.0684073,8.794,62.0,
1646083319.2689276,8.794,61.75,
1646083319.4694452,8.794,61.75,
1646083319.6699576,8.794,61.75,
1646083319.870396,8.794,62.25,
1646083320.0706668,8.71,62.5,
1646083320.271071,8.71,62.0,
1646083320.4715884,8.71,62.5,
1646083320.6729527,8.71,61.75,
1646083320.8732662,9.0,62.25,
1646083321.0737176,9.0,62.25,
1646083321.274261,9.0,62.25,
1646083321.474836,9.0,62.75,
1646083321.6757433,9.0,62.75,
1646083321.8761625,9.0,62.5,
1646083322.0765738,9.088,62.5,
1646083322.2771835,9.088,62.25,
1646083322.4777267,9.088,62.0,
1646083322.678269,9.088,62.75,
1646083322.878856,9.088,62.0,
1646083323.0793893,9.088,62.25,
1646083323.2799401,8.588,61.75,
1646083323.4804487,8.588,61.5,
1646083323.6809993,8.588,61.75,
1646083323.8815198,8.699,61.75,
1646083324.0820487,8.699,61.5,
1646083324.2825618,8.699,61.25,
1646083324.4830801,8.699,62.25,
1646083324.6836064,8.699,61.25,
1646083324.884136,8.909,61.75,
1646083325.0846658,8.909,62.0,
1646083325.2851968,8.909,61.5,
1646083325.4857278,8.909,62.0,
1646083325.6862385,8.909,61.5,
1646083325.8867705,8.321,62.0,
1646083326.0872836,8.321,62.25,
1646083326.2878008,8.321,62.0,
1646083326.4882948,8.321,60.25,
1646083326.6888463,8.321,61.75,
1646083326.8894234,8.668,61.75,
1646083327.089919,8.668,61.5,
1646083327.290701,8.668,61.0,
1646083327.4912174,8.668,61.25,
1646083327.6917615,8.668,61.75,
1646083327.8923028,8.668,61.25,
1646083328.0927372,8.611,62.0,
1646083328.293184,8.611,62.0,
1646083328.4937134,8.611,61.0,
1646083328.6942456,8.611,62.0,
1646083328.8948174,8.79,61.5,
1646083329.095354,8.79,61.25,
1646083329.295892,8.79,61.5,
1646083329.4963312,8.79,60.0,
1646083329.696744,8.699,60.75,
1646083329.8972845,8.699,62.25,
1646083330.0978124,8.699,61.0,
1646083330.2983427,8.699,62.25,
1646083330.4988875,8.699,62.25,
1646083330.699417,8.699,61.0,
1646083330.8999457,9.038,62.0,
1646083331.1004686,9.038,62.25,
1646083331.3009684,9.038,61.75,
1646083331.5014615,9.038,62.0,
1646083331.7019966,9.038,61.5,
1646083331.9025364,8.718,60.5,
1646083332.1030521,8.718,61.75,
1646083332.3035834,8.718,62.0,
1646083332.5041027,8.718,62.25,
1646083332.7045722,8.718,62.5,
1646083332.9048786,8.809,62.0,
1646083333.1053107,8.809,62.25,
1646083333.3058348,8.809,62.0,
1646083333.5063767,8.809,62.0,
1646083333.7068923,8.809,62.5,
1646083333.9074295,8.836,62.0,
1646083334.107945,8.836,62.5,
1646083334.3084638,8.836,62.5,
1646083334.508979,8.836,62.0,
1646083334.7094982,8.836,62.5,
1646083334.9100103,8.836,63.25,
1646083335.1105547,8.836,61.5,
1646083335.311094,8.962,61.75,
1646083335.511777,8.962,61.5,
1646083335.7123013,8.962,61.5,
1646083335.912822,8.0,62.5,
1646083336.1133585,8.0,62.0,
1646083336.3139102,8.0,61.75,
1646083336.5144491,8.0,61.75,
1646083336.7149856,8.0,62.0,
1646083336.9155471,8.878,62.0,
1646083337.116072,8.878,62.25,
1646083337.3165717,8.878,61.75,
1646083337.517115,8.878,61.25,
1646083337.7176332,8.878,61.5,
1646083337.9181604,8.695,62.0,
1646083338.1187549,8.695,62.5,
1646083338.319251,8.695,62.25,
1646083338.5197845,8.695,62.5,
1646083338.7203016,8.695,63.0,
1646083338.9208443,8.695,62.0,
1646083339.1213565,8.695,62.25,
1646083339.3218856,9.187,62.75,
1646083339.522429,9.187,62.5,
1646083339.7229626,9.187,62.75,
1646083339.9234931,9.008,62.75,
1646083340.1240077,9.008,62.5,
1646083340.3245392,9.008,62.5,
1646083340.5250452,9.008,62.25,
1646083340.7255683,8.851,62.25,
1646083340.926093,8.851,62.0,
1646083341.1267457,8.851,62.25,
1646083341.3272624,8.851,62.75,
1646083341.5282784,8.851,60.5,
1646083341.7288086,8.851,61.75,
1646083341.929341,8.981,61.75,
1646083342.1298954,8.981,61.5,
1646083342.3304098,8.981,62.25,
1646083342.5309281,8.981,60.75,
1646083342.73159,8.981,61.5,
1646083342.9321225,8.874,62.0,
1646083343.1326456,8.874,62.25,
1646083343.333147,8.874,61.75,
1646083343.5336785,8.874,61.75,
1646083343.734212,8.225,61.25,
1646083343.934728,8.225,61.75,
1646083344.1352584,8.225,61.75,
1646083344.3359625,8.225,62.5,
1646083344.536476,8.225,62.5,
1646083344.736997,8.225,63.0,
1646083344.937514,8.225,62.0,
1646083345.1380334,8.225,62.75,
1646083345.338561,8.225,62.0,
1646083345.5390813,8.225,61.75,
1646083345.739592,8.225,62.5,
1646083345.9400902,8.225,61.0,
1646083346.1406102,8.225,62.25,
1646083346.3411376,8.225,62.25,
1646083346.5416563,8.676,62.0,
1646083346.7421796,8.84,61.75,
1646083346.9428298,8.84,61.5,
1646083347.1433556,8.84,61.25,
1646083347.3438728,8.84,62.25,
1646083347.5444064,8.84,61.75,
1646083347.744943,8.84,62.0,
1646083347.9454646,8.798,61.75,
1646083348.1459913,8.798,62.0,
1646083348.3465161,8.798,61.5,
1646083348.5470572,8.798,60.25,
1646083348.7478395,8.538,61.0,
1646083348.948372,8.538,62.25,
1646083349.1489153,8.538,61.0,
1646083349.349451,8.538,62.25,
1646083349.5499706,8.538,61.75,
1646083349.7507675,8.538,62.25,
1646083349.9511828,8.725,61.5,
1646083350.1514974,8.725,62.25,
1646083350.3518095,8.725,62.0,
1646083350.552217,8.725,62.0,
1646083350.7527344,8.725,62.25,
1646083350.953276,8.844,62.25,
1646083351.1538138,8.844,62.25,
1646083351.354347,8.844,62.25,
1646083351.5547495,8.844,62.25,
1646083351.7552552,8.844,62.5,
1646083351.9559152,8.809,62.5,
1646083352.1564255,8.809,62.25,
1646083352.3569565,8.809,62.5,
1646083352.5573788,8.809,62.0,
1646083352.7576873,8.809,61.25,
1646083352.9581113,8.809,62.75,
1646083353.1587546,8.832,62.25,
1646083353.3592896,8.832,62.75,
1646083353.559894,8.832,62.75,
1646083353.760278,9.16,62.5,
1646083353.9608066,9.16,62.25,
1646083354.1613376,9.16,62.75,
1646083354.3618753,9.16,63.0,
1646083354.5624244,9.16,63.0,
1646083354.7629702,9.16,62.75,
1646083354.9633944,9.16,62.75,
1646083355.1638224,9.16,62.0,
1646083355.364343,9.206,62.75,
1646083355.564871,9.206,62.75,
1646083355.7654035,9.206,62.25,
1646083355.965951,9.115,63.0,
1646083356.166464,9.115,62.75,
1646083356.3669856,9.115,60.75,
1646083356.5674996,9.115,61.25,
1646083356.7680173,8.473,62.25,
1646083356.9685209,8.473,61.0,
1646083357.1690779,8.473,62.25,
1646083357.3695984,8.473,61.25,
1646083357.570135,8.473,61.25,
1646083357.7707705,8.473,62.0,
1646083357.9713006,8.473,61.25,
1646083358.1718395,8.473,62.75,
1646083358.3723767,8.473,62.75,
1646083358.5728498,8.473,62.0,
1646083358.7731848,8.473,62.5,
1646083358.9734645,8.473,62.25,
1646083359.1737716,8.473,63.0,
1646083359.3741786,8.882,62.5,
1646083359.5746384,8.882,60.0,
1646083359.775052,8.882,62.25,
1646083359.9755797,8.882,62.0,
1646083360.1761148,9.122,61.25,
1646083360.376632,9.122,62.25,
1646083360.5771465,9.122,63.0,
1646083360.777678,8.733,62.0,
1646083360.9781353,8.733,62.75,
1646083361.1785262,8.733,62.75,
1646083361.3790555,8.733,62.5,
1646083361.579491,8.733,62.5,
1646083361.7799027,8.733,62.5,
1646083361.9804478,8.733,62.5,
1646083362.1810157,8.733,63.0,
1646083362.3814533,8.733,62.5,
1646083362.581857,8.691,62.0,
1646083362.782374,8.691,62.25,
1646083362.9830012,9.004,62.5,
1646083363.1835191,9.004,62.25,
1646083363.3840516,9.004,62.25,
1646083363.5845673,9.004,62.25,
1646083363.7850971,9.004,62.0,
1646083363.985625,9.004,61.25,
1646083364.186114,8.569,61.0,
1646083364.3867595,8.569,62.25,
1646083364.5872672,8.569,62.0,
1646083364.7877867,8.977,62.25,
1646083364.9882984,8.977,62.5,
1646083365.1888351,8.977,61.75,
1646083365.3893683,8.977,62.75,
1646083365.5899062,8.977,63.0,
1646083365.790435,8.977,63.0,
1646083365.9907267,8.55,62.0,
1646083366.1911561,8.55,62.5,
1646083366.391681,8.55,62.0,
1646083366.5922368,8.55,62.25,
1646083366.792765,8.55,62.5,
1646083366.9932983,8.542,62.25,
1646083367.1938183,8.542,62.5,
1646083367.3943536,8.542,62.25,
1646083367.5948818,8.542,62.0,
1646083367.7954175,8.542,63.0,
1646083367.9959455,8.542,62.25,
1646083368.1964903,8.733,62.25,
1646083368.3970068,8.733,62.5,
1646083368.5975578,8.733,62.25,
1646083368.7980824,8.79,61.5,
1646083368.9987261,8.79,62.25,
1646083369.1992564,8.79,62.5,
1646083369.3997781,8.79,62.75,
1646083369.600312,8.79,62.5,
1646083369.8008533,9.061,62.75,
1646083370.0013545,9.061,62.75,
1646083370.2018776,9.061,62.5,
1646083370.4024062,9.061,63.0,
1646083370.602928,9.061,62.25,
1646083370.803463,9.061,62.0,
1646083371.0041196,9.012,61.25,
1646083371.204665,9.012,61.75,
1646083371.405184,9.012,62.0,
1646083371.6057022,9.012,61.25,
1646083371.8062174,8.71,62.0,
1646083372.0067508,8.71,62.0,
1646083372.2077117,8.71,62.5,
1646083372.407995,8.71,62.0,
1646083372.6083145,8.71,62.5,
1646083372.8086157,8.71,62.5,
1646083373.008939,8.916,62.0,
1646083373.2092476,8.916,62.25,
1646083373.4095368,8.916,62.0,
1646083373.6098447,8.916,62.75,
1646083373.8101294,8.958,62.25,
1646083374.0104375,8.958,62.75,
1646083374.210819,8.958,62.5,
1646083374.4113352,8.958,61.5,
1646083374.6118605,8.958,62.25,
1646083374.8123927,9.004,61.75,
1646083375.0129247,9.004,62.25,
1646083375.2134342,9.004,62.25,
1646083375.4139678,9.004,62.0,
1646083375.61449,9.004,62.25,
1646083375.8149977,9.004,62.5,
1646083376.0155065,8.267,62.25,
1646083376.2160347,8.267,62.0,
1646083376.4165518,8.267,62.0,
1646083376.6170802,8.267,62.0,
1646083376.8175888,8.462,61.75,
1646083377.018087,8.462,62.0,
1646083377.2187738,8.462,59.75,
1646083377.4193037,8.462,61.5,
1646083377.619832,8.462,61.75,
1646083377.8203626,8.462,62.25,
1646083378.0208883,8.462,63.25,
1646083378.2214022,8.462,62.5,
1646083378.4218469,8.462,62.25,
1646083378.622252,8.462,62.25,
1646083378.8228936,8.462,62.75,
1646083379.0234196,8.462,62.0,
1646083379.2243125,8.462,62.75,
1646083379.4248323,8.462,62.25,
1646083379.6253364,8.809,62.25,
1646083379.8259766,8.809,62.0,
1646083380.0265007,9.073,62.0,
1646083380.2270055,9.073,62.0,
1646083380.427424,9.073,62.0,
1646083380.6278255,9.073,61.25,
1646083380.828271,9.073,62.5,
1646083381.0286796,8.973,62.25,
1646083381.22922,8.973,62.25,
1646083381.4296756,8.973,62.75,
1646083381.6300993,8.973,62.25,
1646083381.830761,8.973,63.0,
1646083382.0312917,9.019,62.75,
1646083382.2318172,9.019,62.5,
1646083382.432364,9.019,62.5,
1646083382.632863,9.019,62.0,
1646083382.833382,9.019,61.25,
1646083383.0338821,9.019,60.75,
1646083383.2343807,8.718,61.5,
1646083383.434894,8.718,62.5,
1646083383.6354225,8.718,61.75,
1646083383.8359365,8.622,61.0,
1646083384.036447,8.622,62.25,
1646083384.2369552,8.622,62.75,
1646083384.437461,8.622,62.0,
1646083384.637993,8.622,62.0,
1646083384.8385086,8.622,60.75,
1646083385.0390296,8.87,62.0,
1646083385.2394693,8.87,61.25,
1646083385.4397655,8.87,62.5,
1646083385.6401606,8.87,62.75,
1646083385.8406718,9.05,61.0,
1646083386.0411913,9.05,62.0,
1646083386.2417061,9.05,62.0,
1646083386.442247,9.05,62.0,
1646083386.6428225,9.05,62.25,
1646083386.8433414,8.806,62.25,
1646083387.0438795,8.806,62.25,
1646083387.2443957,8.806,62.25,
1646083387.444925,8.806,61.75,
1646083387.6454632,8.806,61.75,
1646083387.8459136,8.848,62.0,
1646083388.0463166,8.848,62.25,
1646083388.2468128,8.848,61.75,
1646083388.4473324,8.848,62.0,
1646083388.6478543,8.848,62.25,
1646083388.8483589,9.027,62.0,
1646083389.048882,9.027,62.25,
1646083389.2494023,9.027,62.25,
1646083389.4499276,9.027,62.0,
1646083389.6504223,9.027,62.5,
1646083389.850947,9.092,62.25,
1646083390.0514994,9.092,62.0,
1646083390.252039,9.092,62.25,
1646083390.4525516,9.092,62.5,
1646083390.6530652,9.092,63.0,
1646083390.8535905,8.935,62.25,
1646083391.0540946,8.935,62.25,
1646083391.2547777,8.935,62.0,
1646083391.4554338,8.935,62.0,
1646083391.6559691,8.935,62.25,
1646083391.856504,8.851,62.5,
1646083392.0570273,8.851,62.5,
1646083392.2575521,8.851,62.5,
1646083392.458102,8.851,62.25,
1646083392.6587558,8.851,62.75,
1646083392.8592408,8.901,61.75,
1646083393.0597591,8.901,61.25,
1646083393.2602935,8.901,61.5,
1646083393.4608226,8.901,60.75,
1646083393.6613548,8.901,61.25,
1646083393.8618672,8.893,62.0,
1646083394.0623844,8.893,62.25,
1646083394.2629328,8.893,62.25,
1646083394.463464,8.893,62.0,
1646083394.6639857,8.893,62.0,
1646083394.864515,8.332,62.25,
1646083395.0650373,8.332,61.25,
1646083395.265322,8.332,61.5,
1646083395.4657419,8.332,60.75,
1646083395.6662812,8.332,61.5,
1646083395.8668923,8.176,61.5,
1646083396.0674138,8.176,61.75,
1646083396.2679458,8.176,62.0,
1646083396.4684768,8.176,62.0,
1646083396.668908,8.176,62.0,
1646083396.869309,8.836,61.5,
1646083397.0697381,8.836,61.75,
1646083397.2701561,8.836,62.25,
1646083397.470793,8.836,62.5,
1646083397.6713152,8.836,62.5,
1646083397.8717384,8.645,61.75,
1646083398.072156,8.645,62.0,
1646083398.2726862,8.645,61.25,
1646083398.473211,8.645,62.25,
1646083398.6737425,8.645,62.5,
1646083398.8742626,8.645,62.75,
1646083399.0748358,8.645,62.0,
1646083399.275354,9.069,62.5,
1646083399.4758687,9.069,62.25,
1646083399.67638,9.069,61.75,
1646083399.876894,9.069,62.5,
1646083400.0774033,8.882,63.25,
1646083400.277931,8.882,62.25,
1646083400.4784307,8.882,63.0,
1646083400.6789584,8.882,62.5,
1646083400.879485,9.092,62.75,
1646083401.08001,9.092,62.0,
1646083401.280527,9.092,62.75,
1646083401.4810627,9.092,62.0,
1646083401.6815925,9.092,62.0,
1646083401.8821166,8.886,62.0,
1646083402.0827672,8.886,62.0,
1646083402.28347,8.886,62.5,
1646083402.4840038,8.886,62.0,
1646083402.68453,8.886,62.25,
1646083402.8850617,8.851,62.25,
1646083403.0855973,8.851,62.75,
1646083403.2861338,8.851,61.75,
1646083403.4867873,8.851,62.0,
1646083403.6873226,8.851,62.0,
1646083403.8878639,8.882,61.0,
1646083404.08839,8.882,61.25,
1646083404.2889345,8.882,60.75,
1646083404.4894629,8.882,61.0,
1646083404.689967,8.882,61.75,
1646083404.8904827,8.821,61.75,
1646083405.0909922,8.821,62.25,
1646083405.2915273,8.821,62.0,
1646083405.4920561,8.821,62.25,
1646083405.692595,8.821,62.5,
1646083405.893117,8.821,62.75,
1646083406.0936625,8.821,62.0,
1646083406.2941935,8.821,62.25,
1646083406.4947278,9.13,62.75,
1646083406.6952562,9.13,62.5,
1646083406.8957906,9.13,62.25,
1646083407.0963266,9.13,61.0,
1646083407.29686,9.13,62.0,
1646083407.4973648,9.13,62.5,
1646083407.6978805,9.13,62.75,
1646083407.8983953,9.13,63.0,
1646083408.0989254,9.13,62.25,
1646083408.2994502,9.13,62.0,
1646083408.4999712,9.13,61.75,
1646083408.7005134,9.13,61.5,
1646083408.901073,8.111,60.25,
1646083409.1016192,8.111,62.0,
1646083409.3021564,8.111,60.75,
1646083409.5028136,8.111,61.0,
1646083409.7033477,8.111,61.75,
1646083409.9038894,8.718,61.5,
1646083410.1044285,8.718,62.25,
1646083410.3049634,8.718,62.0,
1646083410.505451,8.718,61.75,
1646083410.7058976,8.702,62.0,
1646083410.9062088,8.702,62.0,
1646083411.1065123,8.702,62.0,
1646083411.3067992,8.702,62.0,
1646083411.5073245,8.702,61.5,
1646083411.7078564,8.702,61.5,
1646083411.9083781,8.687,62.0,
1646083412.1089442,8.687,62.25,
1646083412.3093975,8.687,62.0,
1646083412.5096798,8.687,62.25,
1646083412.7099836,8.687,62.25,
1646083412.910382,8.401,61.75,
1646083413.1108775,8.401,62.0,
1646083413.311385,8.401,62.25,
1646083413.5118997,8.401,61.5,
1646083413.7124107,8.401,62.5,
1646083413.9129338,8.97,61.5,
1646083414.1134658,8.97,62.25,
1646083414.3139606,8.97,62.75,
1646083414.5144918,8.97,62.0,
1646083414.7150211,8.97,63.0,
1646083414.9155672,9.145,62.75,
1646083415.1161747,9.145,63.25,
1646083415.3166895,9.145,62.25,
1646083415.5171993,9.145,61.0,
1646083415.717712,9.145,62.0,
1646083415.9182415,9.145,62.75,
1646083416.1188304,8.844,61.5,
1646083416.3193588,8.844,62.0,
1646083416.5198882,8.844,62.5,
1646083416.7204156,8.844,62.75,
1646083416.9209585,9.134,62.0,
1646083417.1215045,9.134,63.25,
1646083417.3220375,9.134,62.0,
1646083417.5226817,9.134,61.5,
1646083417.723206,9.134,61.75,
1646083417.9237292,8.828,62.25,
1646083418.1243038,8.828,62.75,
1646083418.3247175,8.828,62.5,
1646083418.5254607,8.828,61.25,
1646083418.7259784,8.828,62.75,
1646083418.9264922,8.828,62.25,
1646083419.1269786,8.828,61.5,
1646083419.3274915,8.828,62.5,
1646083419.5279977,8.828,61.75,
1646083419.7285156,8.828,62.5,
1646083419.9289558,8.828,61.5,
1646083420.1292925,8.569,62.0,
1646083420.329707,8.569,62.5,
1646083420.5302534,8.569,62.5,
1646083420.7308304,8.741,62.0,
1646083420.9313502,8.741,62.5,
1646083421.1318426,8.741,62.5,
1646083421.3323703,8.741,62.0,
1646083421.5328865,8.741,62.25,
1646083421.7334507,8.741,62.25,
1646083421.9339712,8.706,62.0,
1646083422.1344633,8.706,62.75,
1646083422.334992,8.706,62.0,
1646083422.5355105,8.706,62.5,
1646083422.736045,8.706,62.75,
1646083422.9365673,9.065,63.25,
1646083423.1370957,9.065,62.25,
1646083423.337645,9.065,62.5,
1646083423.5381851,9.065,61.75,
1646083423.7387145,8.68,61.5,
1646083423.9392245,8.68,62.25,
1646083424.1397328,8.68,61.0,
1646083424.3402646,8.68,62.5,
1646083424.5408106,8.68,62.0,
1646083424.741331,8.806,62.25,
1646083424.9418643,8.806,62.5,
1646083425.1423995,8.806,61.75,
1646083425.3429224,8.806,62.0,
1646083425.5434356,8.806,62.5,
1646083425.7439492,8.806,62.25,
1646083425.9444818,8.806,62.75,
1646083426.1449976,8.943,62.5,
1646083426.3455205,8.943,62.5,
1646083426.5460389,8.943,62.5,
1646083426.7467122,8.943,62.0,
1646083426.947217,8.943,62.75,
1646083427.1477487,8.943,62.75,
1646083427.348299,8.943,62.25,
1646083427.5488415,8.943,62.25,
1646083427.7493641,8.943,62.75,
1646083427.94987,8.943,62.0,
1646083428.1503992,8.943,63.25,
1646083428.3509052,8.943,62.75,
1646083428.5514424,8.943,61.75,
1646083428.7519593,8.943,62.5,
1646083428.9523885,8.943,62.75,
1646083429.1528108,8.943,62.5,
1646083429.3533227,8.489,62.75,
1646083429.5538144,8.489,62.75,
1646083429.7543476,9.145,62.0,
1646083429.9548724,9.145,62.0,
1646083430.1554961,9.145,60.5,
1646083430.3559968,9.145,61.75,
1646083430.5565507,9.145,61.75,
1646083430.757068,8.897,62.0,
1646083430.9575708,8.897,63.0,
1646083431.1580892,8.897,62.75,
1646083431.3587584,8.897,62.25,
1646083431.559266,8.897,62.25,
1646083431.7597957,8.897,61.75,
1646083431.960244,8.951,62.5,
1646083432.1606233,8.951,62.25,
1646083432.3611534,8.951,61.5,
1646083432.5617378,8.951,62.25,
1646083432.7622845,8.416,62.0,
1646083432.9628313,8.416,63.0,
1646083433.1633468,8.416,62.0,
1646083433.3638701,8.416,62.0,
1646083433.5644114,8.416,61.75,
1646083433.7649493,8.416,62.25,
1646083433.9654965,8.485,61.25,
1646083434.1659825,8.485,62.25,
1646083434.3665168,8.485,62.0,
1646083434.5670419,8.485,62.25,
1646083434.7676926,8.867,62.25,
1646083434.9682326,8.867,62.25,
1646083435.1687446,8.867,62.25,
1646083435.3692873,8.867,62.25,
1646083435.569834,8.867,62.0,
1646083435.7703526,8.867,62.5,
1646083435.971102,8.485,62.5,
1646083436.1717694,8.485,62.75,
1646083436.3723037,8.485,62.5,
1646083436.5728242,8.485,62.25,
1646083436.7733624,9.069,61.0,
1646083436.9738736,9.069,61.75,
1646083437.1743793,9.069,62.75,
1646083437.3747904,9.069,62.0,
1646083437.5750985,9.069,62.5,
1646083437.7753804,8.458,62.0,
1646083437.9758008,8.458,62.75,
1646083438.1763113,8.458,62.5,
1646083438.376864,8.458,62.25,
1646083438.577397,8.458,62.5,
1646083438.7779295,8.458,62.5,
1646083438.9794247,8.672,62.5,
1646083439.1799698,8.672,61.0,
1646083439.3805192,8.672,62.5,
1646083439.5810432,8.672,62.5,
1646083439.7815845,9.019,61.75,
1646083439.9820905,9.019,62.0,
1646083440.1827445,9.019,61.75,
1646083440.3832707,9.019,61.0,
1646083440.5838,9.019,61.75,
1646083440.7843413,8.798,62.0,
1646083440.9848394,8.798,60.25,
1646083441.185361,8.798,62.0,
1646083441.3858626,8.798,62.25,
1646083441.58639,8.798,61.75,
1646083441.7869134,8.798,62.5,
1646083441.9875,8.981,61.0,
1646083442.1880448,8.981,62.0,
1646083442.3885903,8.981,62.5,
1646083442.5891063,8.981,62.25,
1646083442.789624,8.981,61.75,
1646083442.9901192,8.981,61.25,
1646083443.1907809,8.981,61.75,
1646083443.3913112,8.981,63.0,
1646083443.5918372,8.981,62.25,
1646083443.7923691,8.985,62.5,
1646083443.9928944,8.985,62.5,
1646083444.193423,8.985,62.25,
1646083444.3939495,8.985,61.0,
1646083444.594501,8.985,62.0,
1646083444.795015,8.954,62.0,
1646083444.995539,8.954,61.5,
1646083445.1960392,8.954,61.0,
1646083445.3965752,8.954,61.0,
1646083445.5970871,8.954,62.0,
1646083445.7976155,8.954,61.25,
1646083445.998124,8.477,62.25,
1646083446.1987667,8.477,62.5,
1646083446.3993115,8.477,62.5,
1646083446.599843,8.477,62.5,
1646083446.8003643,9.035,62.25,
1646083447.0008876,9.035,62.25,
1646083447.2014215,9.035,62.75,
1646083447.4018712,9.035,62.5,
1646083447.6022882,9.035,62.0,
1646083447.802834,9.035,62.75,
1646083448.0033445,8.882,61.25,
1646083448.2038634,8.882,62.75,
1646083448.4042897,8.882,60.25,
1646083448.6047168,8.882,62.25,
1646083448.8052294,8.206,62.0,
1646083449.0057771,8.206,62.0,
1646083449.2062933,8.206,62.75,
1646083449.4068148,8.206,61.5,
1646083449.607428,8.206,62.25,
1646083449.8079517,8.535,62.25,
1646083450.008495,8.535,62.0,
1646083450.209035,8.535,63.0,
1646083450.4095695,8.535,62.25,
1646083450.6101177,8.535,62.75,
1646083450.8107724,9.122,62.0,
1646083451.0112975,9.122,62.5,
1646083451.2118292,9.122,62.5,
1646083451.4123588,9.122,60.75,
1646083451.612876,9.122,61.25,
1646083451.8132913,8.233,61.75,
1646083452.0136113,8.233,62.0,
1646083452.2139277,8.233,62.25,
1646083452.41434,8.233,62.25,
1646083452.6151369,8.233,62.5,
1646083452.8156712,8.233,62.25,
1646083453.0161722,8.779,62.25,
1646083453.2167058,8.779,62.5,
1646083453.4172297,8.779,62.75,
1646083453.6177518,8.779,62.25,
1646083453.8182826,8.897,63.0,
1646083454.018796,8.897,62.5,
1646083454.219316,8.897,62.5,
1646083454.4199739,8.897,62.5,
1646083454.620503,8.897,62.25,
1646083454.821019,8.634,62.25,
1646083455.0215356,8.634,62.0,
1646083455.2220528,8.634,61.75,
1646083455.422733,8.634,62.5,
1646083455.623236,8.634,62.25,
1646083455.823734,8.962,62.0,
1646083456.024253,8.962,62.5,
1646083456.224749,8.962,62.0,
1646083456.4252746,8.962,62.25,
1646083456.625811,8.962,62.0,
1646083456.826338,8.848,62.75,
1646083457.0268447,8.848,62.5,
1646083457.2273645,8.848,63.0,
1646083457.4278998,8.848,62.5,
1646083457.628426,8.848,62.5,
1646083457.8289475,8.848,62.5,
1646083458.0294955,9.134,61.75,
1646083458.2300186,9.134,63.0,
1646083458.4305384,9.134,62.25,
1646083458.6310763,9.134,62.25,
1646083458.8316042,9.134,62.25,
1646083459.0321155,9.134,62.5,
1646083459.232648,9.225,62.0,
1646083459.4331791,9.225,63.0,
1646083459.6337109,9.225,62.5,
1646083459.8341835,9.225,62.0,
1646083460.034489,9.225,61.0,
1646083460.2348318,9.225,62.5,
1646083460.4353504,8.798,62.5,
1646083460.6358867,8.798,62.5,
1646083460.8364117,8.798,63.0,
1646083461.0369368,8.798,62.5,
1646083461.237457,8.798,62.25,
1646083461.4379754,8.798,62.75,
1646083461.638506,8.798,62.25,
1646083461.8389113,8.798,62.5,
1646083462.0393372,8.798,62.25,
1646083462.2397656,8.798,62.0,
1646083462.440295,8.798,62.25,
1646083462.6408167,8.798,62.25,
1646083462.8413436,9.038,62.5,
1646083463.041859,9.038,62.25,
1646083463.242374,9.038,62.5,
1646083463.4429026,9.038,61.75,
1646083463.6434362,9.038,62.0,
1646083463.8439534,9.038,62.0,
1646083464.0444794,8.748,62.25,
1646083464.2449841,8.748,62.25,
1646083464.4454327,8.748,62.0,
1646083464.6457353,8.748,61.75,
1646083464.8461483,8.748,62.25,
1646083465.046807,8.867,62.25,
1646083465.247327,8.867,61.25,
1646083465.447845,8.867,62.25,
1646083465.648364,8.867,62.75,
1646083465.8488836,8.867,63.0,
1646083466.0493968,8.867,63.0,
1646083466.2499206,9.035,62.5,
1646083466.4504108,9.035,62.75,
1646083466.6509266,9.035,62.75,
1646083466.8514316,9.035,62.5,
1646083467.0520878,8.909,61.75,
1646083467.252616,8.909,62.0,
1646083467.4531455,8.909,61.5,
1646083467.6536543,8.909,62.25,
1646083467.8542032,8.267,60.75,
1646083468.054721,8.267,60.5,
1646083468.2552423,8.267,62.25,
1646083468.4559178,8.267,62.25,
1646083468.6564734,8.267,61.0,
1646083468.857009,8.344,61.75,
1646083469.0575175,8.344,62.25,
1646083469.2580752,8.344,61.5,
1646083469.4587197,8.344,61.5,
1646083469.659249,8.344,61.75,
1646083469.8597682,8.382,61.75,
1646083470.0603004,8.382,61.5,
1646083470.2608352,8.382,62.25,
1646083470.4613445,8.382,62.5,
1646083470.6618807,8.382,62.25,
1646083470.8624005,8.748,62.5,
1646083471.062923,8.748,62.5,
1646083471.263467,8.748,62.5,
1646083471.463988,8.748,61.5,
1646083471.6645117,8.748,61.0,
1646083471.8650453,7.977,61.25,
1646083472.0655508,7.977,62.5,
1646083472.266084,7.977,61.75,
1646083472.4667838,7.977,62.25,
1646083472.6673098,7.977,62.75,
1646083472.8678236,7.977,62.5,
1646083473.0683513,8.535,62.0,
1646083473.2688632,8.535,62.75,
1646083473.4693937,8.535,62.25,
1646083473.6699128,8.535,62.25,
1646083473.8704484,8.851,61.25,
1646083474.0709448,8.851,62.5,
1646083474.2714605,8.851,62.25,
1646083474.4719768,8.851,62.5,
1646083474.6725142,8.851,62.25,
1646083474.8730245,8.851,62.25,
1646083475.0735693,9.355,62.0,
1646083475.274093,9.355,62.0,
1646083475.474802,9.355,62.25,
1646083475.6753163,9.355,62.5,
1646083475.875857,9.355,62.5,
1646083476.0763786,9.042,62.25,
1646083476.276878,9.042,63.0,
1646083476.477403,9.042,62.75,
1646083476.6779346,9.042,62.5,
1646083476.8783953,9.042,62.75,
1646083477.0787075,9.122,62.25,
1646083477.279127,9.122,61.75,
1646083477.479657,9.122,62.75,
1646083477.6802077,9.122,62.75,
1646083477.8807492,9.122,62.0,
1646083478.0811968,8.691,62.5,
1646083478.2816072,8.691,62.5,
1646083478.482108,8.691,62.5,
1646083478.6827574,8.691,62.75,
1646083478.8832836,8.691,62.25,
1646083479.0838451,8.97,62.25,
1646083479.2845092,8.97,62.5,
1646083479.4850283,8.97,62.75,
1646083479.685558,8.97,61.75,
1646083479.8860748,8.557,61.25,
1646083480.086726,8.557,62.25,
1646083480.2872474,8.557,62.5,
1646083480.487783,8.557,63.0,
1646083480.6883063,8.557,62.25,
1646083480.8888254,8.557,62.25,
1646083481.0893316,9.355,62.75,
1646083481.2898552,9.355,62.25,
1646083481.490379,9.355,63.0,
1646083481.690885,9.355,61.25,
1646083481.8913975,8.515,62.5,
1646083482.091898,8.515,61.75,
1646083482.292419,8.515,62.25,
1646083482.4929218,8.515,62.0,
1646083482.6934314,8.515,62.5,
1646083482.8939757,9.05,62.25,
1646083483.094508,9.05,62.5,
1646083483.2951682,9.05,63.0,
1646083483.4957058,9.05,62.75,
1646083483.6961355,9.05,60.75,
1646083483.8965368,9.05,61.75,
1646083484.0970268,9.05,62.0,
1646083484.2975786,8.76,62.25,
1646083484.4980981,8.76,62.5,
1646083484.6987495,8.76,62.0,
1646083484.8992784,8.676,62.5,
1646083485.0998008,8.676,62.75,
1646083485.3003218,8.676,62.25,
1646083485.5008528,8.676,62.5,
1646083485.7013805,8.676,61.25,
1646083485.9018874,8.676,62.25,
1646083486.1024156,8.874,62.25,
1646083486.3029368,8.874,61.5,
1646083486.5034604,8.874,62.0,
1646083486.7039857,8.874,62.75,
1646083486.9045181,8.954,61.5,
1646083487.105039,8.954,62.0,
1646083487.3055568,8.954,61.0,
1646083487.5060866,8.954,61.75,
1646083487.7065132,8.954,60.75,
1646083487.9066982,8.954,62.5,
1646083488.1069973,8.691,62.5,
1646083488.3073077,8.691,62.25,
1646083488.5077236,8.691,61.75,
1646083488.7082431,8.691,62.0,
1646083488.9087596,8.859,62.0,
1646083489.1092627,8.859,62.25,
1646083489.3097932,8.859,62.25,
1646083489.5103421,8.859,62.25,
1646083489.7108538,8.859,62.5,
1646083489.9113908,8.859,61.75,
1646083490.1119125,8.859,62.75,
1646083490.3124447,8.859,62.75,
1646083490.5129745,8.993,61.25,
1646083490.7135043,8.993,62.25,
1646083490.91403,8.993,63.0,
1646083491.114565,8.993,62.0,
1646083491.315214,8.993,62.25,
1646083491.515738,8.993,61.75,
1646083491.7162504,8.993,61.5,
1646083491.9167717,8.993,62.0,
1646083492.1172774,8.993,62.25,
1646083492.3178113,8.993,62.25,
1646083492.5183537,8.993,62.0,
1646083492.7188802,8.993,62.0,
1646083492.9194007,8.993,62.25,
1646083493.1199327,8.951,62.0,
1646083493.320441,8.951,60.0,
1646083493.5209398,8.951,61.25,
1646083493.7214549,8.306,61.5,
1646083493.9219944,8.306,62.75,
1646083494.1225173,8.306,62.25,
1646083494.323073,8.306,62.25,
1646083494.5234823,8.306,61.75,
1646083494.7237945,8.306,62.0,
1646083494.9240837,8.779,62.5,
1646083495.1243703,8.779,61.75,
1646083495.3246775,8.779,62.75,
1646083495.5250862,8.779,62.25,
1646083495.7255375,8.779,62.25,
1646083495.925973,8.859,62.0,
1646083496.1264913,8.859,62.25,
1646083496.3270109,8.859,62.25,
1646083496.5275311,8.859,62.25,
1646083496.7280931,8.859,62.5,
1646083496.928612,8.802,61.75,
1646083497.129129,8.802,62.25,
1646083497.329659,8.802,62.25,
1646083497.530219,8.802,62.25,
1646083497.730738,8.79,62.5,
1646083497.931258,8.79,62.75,
1646083498.1317782,8.79,62.5,
1646083498.3322985,8.79,62.25,
1646083498.5328152,8.79,62.0,
1646083498.733324,8.79,63.0,
1646083498.9339974,8.79,62.0,
1646083499.1345282,8.943,62.25,
1646083499.3350675,8.943,62.25,
1646083499.5355859,8.943,61.5,
1646083499.73611,8.943,62.25,
1646083499.9366343,8.428,62.25,
1646083500.137185,8.428,59.0,
1646083500.3376977,8.428,61.75,
1646083500.538235,8.428,61.5,
1646083500.738774,9.126,61.0,
1646083500.9393086,9.126,61.25,
1646083501.1398327,9.126,61.75,
1646083501.3403661,9.126,62.25,
1646083501.5409007,9.126,61.75,
1646083501.74142,9.126,63.0,
1646083501.9419522,9.126,62.25,
1646083502.1424842,9.126,62.75,
1646083502.343016,8.641,62.5,
1646083502.5435433,8.641,62.75,
1646083502.7440639,8.641,62.5,
1646083502.9446142,8.813,61.75,
1646083503.145114,8.813,63.0,
1646083503.3456492,8.813,62.0,
1646083503.5461726,8.813,60.5,
1646083503.746741,8.813,54.25,
1646083503.947274,8.832,52.5,
1646083504.1477957,8.832,51.5,
1646083504.3483171,8.832,49.25,
1646083504.5488677,8.832,48.25,
1646083504.7494097,8.832,48.75,
1646083504.9499364,8.832,49.0,
1646083505.1504626,4.057,48.75,
1646083505.350987,4.057,48.5,
1646083505.5515587,4.057,47.5,
1646083505.7521195,4.924,47.5,
1646083505.9526637,4.924,47.0,
1646083506.1531873,4.924,46.5,
1646083506.3537343,4.924,46.75,
1646083506.554269,4.924,47.5,
1646083506.7548122,4.924,45.5,
1646083506.9553452,4.924,46.0,
1646083507.1557848,4.561,46.0,
1646083507.356086,4.561,45.5,
1646083507.5563831,4.561,45.75,
1646083507.7566807,4.844,45.5,
1646083507.9569776,4.844,44.25,
1646083508.1572719,4.844,46.25,
1646083508.357574,4.844,45.0,
1646083508.557875,4.844,45.75,
1646083508.758156,4.844,45.5,
1646083508.9584649,4.359,45.25,
1646083509.1587641,4.359,43.0,
1646083509.3590539,4.359,43.5,
1646083509.55936,4.359,44.0,
1646083509.759659,4.225,44.25,
1646083509.9599564,4.225,45.5,
1646083510.1602535,4.225,44.75,
1646083510.3605697,4.225,43.75,
1646083510.560876,4.225,44.75,
1646083510.7611754,4.225,44.75,
1646083510.9614549,4.225,45.5,
1646083511.1617534,4.542,44.0,
1646083511.3620696,4.542,44.25,
1646083511.5623631,4.542,44.75,
1646083511.7626908,4.195,44.0,
1646083511.963003,4.195,44.25,
1646083512.1633015,4.195,44.5,
1646083512.3635879,4.195,43.0,
1646083512.563909,4.195,44.0,
1646083512.7643147,4.195,50.0,
1646083512.964899,4.76,51.75,
1646083513.1654034,4.76,53.75,
1646083513.365932,4.76,54.75,
1646083513.566467,4.76,55.75,
1646083513.7669997,4.76,55.75,
1646083513.9675303,8.634,57.25,
1646083514.1680548,8.634,57.75,
1646083514.3685796,8.634,57.75,
1646083514.5691183,8.634,58.25,
1646083514.769645,8.634,58.0,
1646083514.9701884,8.897,58.25,
1646083515.1708555,8.897,58.75,
1646083515.3713827,8.897,58.5,
1646083515.5719056,8.897,59.25,
1646083515.7724288,8.897,59.0,
1646083515.9729636,8.485,58.75,
1646083516.1734734,8.485,59.5,
1646083516.3739848,8.485,59.25,
1646083516.5744984,8.485,59.75,
1646083516.7750049,8.531,59.75,
1646083516.9755235,8.531,60.0,
1646083517.1760612,8.531,59.75,
1646083517.376575,8.531,59.5,
1646083517.57712,8.531,60.25,
1646083517.7776465,8.531,60.5,
1646083517.9781601,8.714,60.0,
1646083518.1788013,8.714,60.0,
1646083518.3795233,8.714,60.5,
1646083518.5800536,8.714,60.5,
1646083518.7805717,8.714,60.25,
1646083518.981093,8.714,61.0,
1646083519.181606,8.714,60.75,
1646083519.3821342,8.626,61.0,
1646083519.5828142,8.626,60.5,
1646083519.7833638,8.626,61.0,
1646083519.9837859,8.867,61.0,
1646083520.1842155,8.867,60.0,
1646083520.3847382,8.867,61.25,
1646083520.585284,8.867,60.75,
1646083520.785832,8.653,61.0,
1646083520.9863718,8.653,61.5,
1646083521.18694,8.653,60.0,
1646083521.3872337,8.653,60.75,
1646083521.5876536,8.653,61.25,
1646083521.7881553,8.599,59.0,
1646083521.988661,8.599,60.75,
1646083522.1891022,8.599,61.0,
1646083522.3895218,8.599,60.5,
1646083522.590064,8.599,61.0,
1646083522.7907207,8.599,60.75,
1646083522.991237,8.531,61.25,
1646083523.1919158,8.531,61.25,
1646083523.3924332,8.531,61.0,
1646083523.592941,8.531,61.5,
1646083523.7934628,8.531,61.5,
1646083523.9939723,9.069,60.75,
1646083524.1944876,9.069,61.25,
1646083524.3950257,9.069,61.25,
1646083524.5955625,9.069,61.0,
1646083524.7960968,9.069,60.25,
1646083524.996639,8.531,60.75,
1646083525.197251,8.531,60.0,
1646083525.3977544,8.531,60.0,
1646083525.5982513,8.531,60.75,
1646083525.798794,8.531,61.25,
1646083525.9993021,8.531,61.75,
1646083526.199819,8.531,61.25,
1646083526.4003456,8.531,61.0,
1646083526.6008775,8.615,61.75,
1646083526.8013158,8.615,61.75,
1646083527.001722,8.615,61.25,
1646083527.202258,8.615,61.25,
1646083527.4026983,8.615,60.75,
1646083527.602996,8.615,61.25,
1646083527.803312,8.615,61.75,
1646083528.0038233,8.615,61.25,
1646083528.204359,8.615,61.5,
1646083528.404897,8.615,61.5,
1646083528.6054277,8.615,61.5,
1646083528.8059626,8.615,60.75,
1646083529.0064838,8.817,60.75,
1646083529.207004,8.817,61.5,
1646083529.4075186,8.817,61.0,
1646083529.6079528,8.817,61.25,
1646083529.808249,8.657,61.25,
1646083530.0086656,8.657,61.5,
1646083530.2091746,8.657,60.75,
1646083530.4097009,8.657,61.5,
1646083530.610228,8.657,61.75,
1646083530.8106813,8.878,61.0,
1646083531.0110817,8.878,61.0,
1646083531.2116013,8.878,61.5,
1646083531.4121265,8.878,61.25,
1646083531.6126413,8.878,61.25,
1646083531.8131495,8.687,61.0,
1646083532.0136712,8.687,61.5,
1646083532.2142153,8.687,61.25,
1646083532.4147394,8.687,60.25,
1646083532.6153924,8.687,60.25,
1646083532.8159046,8.687,61.0,
1646083533.0164459,8.687,60.75,
1646083533.2169538,8.687,61.0,
1646083533.4174778,8.687,61.25,
1646083533.6180086,8.687,61.5,
1646083533.818552,8.687,60.75,
1646083534.0190756,8.687,60.75,
1646083534.2196033,8.477,61.75,
1646083534.4201286,8.477,61.25,
1646083534.6206481,8.477,61.5,
1646083534.821174,8.848,60.75,
1646083535.0216854,8.848,61.5,
1646083535.2222106,8.848,60.75,
1646083535.422736,8.848,61.5,
1646083535.6232476,8.848,61.75,
1646083535.8237615,8.848,61.75,
1646083536.0242844,8.889,62.0,
1646083536.2249124,8.889,61.75,
1646083536.4254599,8.889,61.75,
1646083536.6259756,8.889,62.25,
1646083536.8264816,9.084,61.5,
1646083537.0269926,9.084,62.0,
1646083537.2275012,9.084,60.75,
1646083537.4281485,9.084,62.0,
1646083537.6286733,9.084,60.25,
1646083537.8291953,9.084,61.0,
1646083538.0296242,8.993,61.75,
1646083538.2299626,8.993,61.0,
1646083538.4302793,8.993,62.25,
1646083538.6307144,8.993,61.5,
1646083538.8312237,8.993,62.5,
1646083539.0319533,8.993,61.0,
1646083539.2324898,9.187,61.5,
1646083539.4330096,9.187,61.25,
1646083539.6335433,9.187,62.25,
1646083539.834058,9.187,62.0,
1646083540.0344985,9.187,61.25,
1646083540.2348056,8.97,62.25,
1646083540.435326,8.97,62.0,
1646083540.635863,8.97,62.5,
1646083540.8363252,8.901,62.0,
1646083541.0366135,8.901,62.0,
1646083541.2370248,8.901,62.25,
1646083541.4375532,8.901,62.0,
1646083541.638092,8.901,62.25,
1646083541.8387492,9.138,61.75,
1646083542.0392807,9.138,60.75,
1646083542.2397811,9.138,61.25,
1646083542.440318,9.138,61.5,
1646083542.6408477,9.138,62.0,
1646083542.841388,9.138,61.5,
1646083543.0418808,8.668,62.0,
1646083543.2424092,8.668,61.5,
1646083543.4428995,8.668,60.75,
1646083543.6434073,8.668,61.75,
1646083543.84407,8.668,61.25,
1646083544.044596,8.668,61.75,
1646083544.2451308,8.668,62.0,
1646083544.4456522,8.55,61.75,
1646083544.6460948,8.55,61.25,
1646083544.8463776,8.699,61.5,
1646083545.0468104,8.699,62.25,
1646083545.2472823,8.699,62.25,
1646083545.4477923,8.699,62.25,
1646083545.648233,8.699,61.0,
1646083545.8486528,8.699,61.75,
1646083546.0491931,8.76,61.0,
1646083546.2497027,8.76,62.25,
1646083546.4502206,8.76,61.75,
1646083546.650736,8.76,62.0,
1646083546.8512506,8.809,62.25,
1646083547.051763,8.809,62.5,
1646083547.252293,8.809,61.0,
1646083547.4528081,8.809,61.0,
1646083547.6533353,8.809,61.5,
1646083547.8538725,8.809,62.25,
1646083548.0544007,8.809,61.75,
1646083548.2549148,8.809,62.0,
1646083548.4554346,8.809,61.75,
1646083548.6559498,8.809,62.0,
1646083548.856464,8.809,62.0,
1646083549.0569706,8.809,62.75,
1646083549.2574887,8.809,62.25,
1646083549.4579973,8.741,62.5,
1646083549.6584969,8.741,62.5,
1646083549.8590147,8.741,62.0,
1646083550.0595088,8.741,62.5,
1646083550.2600286,8.928,62.0,
1646083550.4605563,8.928,62.0,
1646083550.6610997,8.928,62.0,
1646083550.8616226,8.878,61.75,
1646083551.0621383,8.878,61.75,
1646083551.2628264,8.878,62.5,
1646083551.4633527,8.878,61.0,
1646083551.6638708,8.878,62.25,
1646083551.8643637,8.935,62.25,
1646083552.0648782,8.935,62.5,
1646083552.2654064,8.935,62.0,
1646083552.4659336,8.935,61.75,
1646083552.6664577,8.935,62.25,
1646083552.8671362,8.935,62.25,
1646083553.0676649,8.935,61.75,
1646083553.2681825,8.935,62.0,
1646083553.4686975,8.535,61.75,
1646083553.6692123,8.535,61.75,
1646083553.869736,9.0,60.25,
1646083554.0702477,9.0,61.25,
1646083554.2708905,9.0,61.75,
1646083554.4714262,9.0,62.0,
1646083554.6719425,9.0,61.75,
1646083554.8724637,8.706,62.0,
1646083555.072975,8.706,62.25,
1646083555.2734947,8.706,62.25,
1646083555.474042,8.706,62.25,
1646083555.6745641,8.706,61.0,
1646083555.8753211,8.699,61.75,
1646083556.0758548,8.699,62.25,
1646083556.276371,8.699,62.5,
1646083556.4768941,8.699,61.75,
1646083556.6774096,8.699,61.75,
1646083556.8779347,8.699,61.5,
1646083557.0784755,8.451,62.5,
1646083557.2789826,8.451,62.25,
1646083557.4795215,8.451,62.0,
1646083557.680038,8.451,62.0,
1646083557.880552,8.451,62.75,
1646083558.0811071,8.783,61.75,
1646083558.2816234,8.783,62.25,
1646083558.4821537,8.783,61.5,
1646083558.682805,8.783,61.75,
1646083558.8834906,8.859,62.25,
1646083559.0839121,8.859,61.75,
1646083559.2844026,8.859,62.25,
1646083559.4849367,8.859,62.25,
1646083559.6854284,8.859,62.25,
1646083559.8859508,8.863,61.25,
1646083560.0864727,8.863,62.5,
1646083560.2869902,8.863,60.75,
1646083560.4875565,8.863,61.75,
1646083560.688077,9.199,62.0,
1646083560.8886056,9.199,62.25,
1646083561.0891192,9.199,62.0,
1646083561.2896483,9.199,62.25,
1646083561.4901855,9.199,62.25,
1646083561.6906998,9.199,61.5,
1646083561.891216,9.046,62.5,
1646083562.0917442,9.046,62.0,
1646083562.292163,9.046,62.25,
1646083562.4925635,9.046,61.75,
1646083562.6930785,9.046,62.25,
1646083562.8936062,8.599,62.0,
1646083563.0941346,8.599,62.0,
1646083563.2946334,8.599,61.5,
1646083563.4949493,8.599,62.25,
1646083563.695358,8.599,62.5,
1646083563.895881,8.928,61.5,
1646083564.0963893,8.928,62.25,
1646083564.2969363,8.928,61.25,
1646083564.4974473,8.928,61.75,
1646083564.6979885,8.928,61.5,
1646083564.8985035,8.832,62.0,
1646083565.0990217,8.832,61.75,
1646083565.2995698,8.832,61.0,
1646083565.5000176,8.832,62.0,
1646083565.700424,8.832,61.5,
1646083565.9009466,8.775,60.75,
1646083566.1014686,8.775,60.5,
1646083566.3020277,8.775,62.0,
1646083566.502461,8.775,62.0,
1646083566.702684,8.775,61.75,
1646083566.902995,8.66,62.25,
1646083567.1034133,8.66,62.0,
1646083567.3039525,8.66,62.25,
1646083567.504473,8.66,62.5,
1646083567.7049937,8.66,62.0,
1646083567.905523,8.783,62.0,
1646083568.106038,8.783,62.25,
1646083568.3067129,8.783,55.75,
1646083568.507216,8.783,51.25,
1646083568.7077222,3.76,48.0,
1646083568.908206,3.76,45.75,
1646083569.1088202,3.76,44.25,
1646083569.3092923,3.76,43.5,
1646083569.5097585,3.76,42.5,
1646083569.7102213,3.76,41.75,
1646083569.9107041,3.76,41.25,
1646083570.1111774,3.76,40.75,
1646083570.3116345,3.76,40.25,
1646083570.5121086,3.76,39.75,
1646083570.7125704,3.76,39.75,
1646083570.9131675,3.76,39.25,
1646083571.113626,3.76,38.75,
1646083571.3140829,3.76,38.75,
1646083571.5145428,2.546,38.5,
1646083571.7150176,2.546,38.0,
1646083571.9154913,2.546,38.0,
1646083572.115949,2.542,38.0,
1646083572.3164036,2.542,37.75,
1646083572.5169203,2.542,37.25,
1646083572.7173853,2.542,37.5,
1646083572.9178648,2.424,37.0,
1646083573.1183298,2.424,37.0,
1646083573.3187864,2.424,36.75,
1646083573.519255,2.424,37.0,
1646083573.7197294,2.424,36.75,
1646083573.920186,2.424,36.25,
1646083574.1206439,2.473,36.5,
1646083574.3210964,2.473,36.5,
1646083574.5215538,2.473,36.25,
1646083574.7220097,2.538,36.25,
1646083574.9224849,2.538,36.0,
1646083575.122963,2.538,36.0,
1646083575.323421,2.538,35.75,
1646083575.5238929,2.538,36.0,
1646083575.7243538,2.538,36.0,
1646083575.9248135,2.546,35.5,
1646083576.1252718,2.546,35.5,
1646083576.3257272,2.546,35.5,
1646083576.5261874,2.546,35.5,
1646083576.726762,2.546,35.25,
1646083576.9272354,2.523,35.25,
1646083577.1277053,2.523,35.25,
1646083577.3281775,2.523,35.25,
1646083577.5286522,2.523,35.25,
1646083577.72927,2.523,35.0,
1646083577.9297311,2.473,35.25,
1646083578.1302037,2.473,34.75,
1646083578.330663,2.473,34.75,
1646083578.5311744,2.473,34.5,
1646083578.7316592,2.473,34.5,
1646083578.9321241,2.443,34.5,
1646083579.132599,2.443,34.5,
1646083579.3331935,2.443,34.5,
1646083579.5336602,2.443,34.5,
1646083579.7341208,2.443,34.25,
1646083579.9347198,2.443,34.25,
1646083580.135202,2.492,34.5,
1646083580.3356764,2.492,34.25,
1646083580.5361457,2.492,34.25,
1646083580.736607,2.492,34.25,
1646083580.9372122,2.431,34.25,
1646083581.1376805,2.431,34.25,
1646083581.3381453,2.431,34.25,
1646083581.5387433,2.431,34.25,
1646083581.73922,2.431,34.25,
1646083581.9396996,2.512,34.25,
1646083582.1401772,2.512,33.75,
1646083582.340644,2.512,34.0,
1646083582.5412488,2.512,34.25,
1646083582.7417128,2.45,34.25,
1646083582.9421935,2.45,33.75,
1646083583.1426773,2.45,33.5,
1646083583.343131,2.45,33.5,
1646083583.5435956,2.45,33.5,
1646083583.744057,2.485,33.75,
1646083583.9445348,2.485,33.5,
1646083584.145134,2.485,33.5,
1646083584.3455918,2.485,33.5,
1646083584.5460825,2.485,33.5,
1646083584.7465513,2.485,33.5,
1646083584.9470136,2.485,33.5,
1646083585.1474876,2.477,33.25,
1646083585.3479395,2.477,33.25,
1646083585.5484102,2.477,33.25,
1646083585.7488134,2.477,33.25,
1646083585.9490817,2.477,33.25,
1646083586.149345,2.492,33.25,
1646083586.3496175,2.492,33.25,
1646083586.5498807,2.492,33.25,
1646083586.7501473,2.492,33.25,
1646083586.950413,2.347,33.25,
1646083587.1506808,2.347,33.25,
1646083587.350953,2.347,33.25,
1646083587.5512233,2.347,33.25,
1646083587.75149,2.527,33.25,
1646083587.9517574,2.527,33.25,
1646083588.1520143,2.527,33.25,
1646083588.352288,2.527,33.25,
1646083588.5525599,2.527,33.25,
1646083588.7528179,2.481,33.25,
1646083588.953087,2.481,33.0,
1646083589.1533496,2.481,33.0,
1646083589.3536234,2.481,33.25,
1646083589.5538836,2.481,33.0,
1646083589.754144,2.481,32.75,
1646083589.954405,2.458,33.0,
1646083590.1546268,2.458,32.5,
1646083590.3549025,2.458,33.0,
1646083590.5551715,2.458,32.75,
1646083590.755438,2.5,33.0,
1646083590.955707,2.5,32.5,
1646083591.1559715,2.5,32.5,
1646083591.3562398,2.5,32.75,
1646083591.5565095,2.5,32.75,
1646083591.756774,2.5,32.5,
1646083591.9570367,2.538,32.5,
1646083592.1573036,2.538,32.5,
1646083592.3575711,2.538,32.5,
1646083592.5578334,2.538,32.5,
1646083592.7580938,2.538,32.25,
1646083592.9583554,2.538,32.25,
1646083593.1586235,2.481,32.5,
1646083593.358888,2.481,32.5,
1646083593.5591524,2.481,32.25,
1646083593.759416,2.481,32.5,
1646083593.9596844,2.481,32.5,
1646083594.1599457,2.481,32.25,
1646083594.3602207,2.481,32.25,
1646083594.5604906,2.481,32.25,
1646083594.7607603,2.481,32.25,
1646083594.9610255,2.481,32.25,
1646083595.161285,2.481,32.25,
1646083595.3615558,2.428,32.25,
1646083595.5618243,2.428,32.25,
1646083595.7620816,2.428,32.25,
1646083595.962345,2.336,32.25,
1646083596.162611,2.336,32.25,
1646083596.3628836,2.336,32.25,
1646083596.5631528,2.336,32.25,
1646083596.7634163,2.485,32.25,
1646083596.9636793,2.485,32.25,
1646083597.163944,2.485,32.25,
1646083597.364218,2.485,32.25,
1646083597.5644772,2.485,32.25,
1646083597.7647429,2.485,32.25,
1646083597.9649901,2.473,32.25,
1646083598.1652508,2.473,32.25,
1646083598.3655229,2.473,32.25,
1646083598.5657952,2.473,32.25,
1646083598.766046,2.473,32.0,
1646083598.9662971,2.473,32.25,
1646083599.166549,2.473,32.25,
1646083599.3668168,2.473,32.25,
1646083599.5670798,2.473,32.25,
1646083599.7673397,2.473,31.5,
1646083599.9676027,2.473,32.0,
1646083600.167862,2.473,32.0,
1646083600.368122,2.473,32.0,
1646083600.5683825,2.473,31.75,
1646083600.768645,2.473,32.0,
1646083600.9689007,2.473,31.5,
1646083601.16916,2.473,31.75,
1646083601.3694215,2.473,31.75,
1646083601.569692,2.473,31.5,
1646083601.7699504,2.473,32.25,
1646083601.9702117,2.473,31.75,
1646083602.1704712,2.473,31.5,
1646083602.3707435,2.473,31.5,
1646083602.5710087,2.473,31.5,
1646083602.7712724,2.473,31.5,
1646083602.9715261,2.473,31.5,
1646083603.171792,2.47,31.5,
1646083603.3720686,2.47,31.5,
1646083603.572341,2.47,31.5,
1646083603.7726002,2.47,31.5,
1646083603.9728675,2.47,31.5,
1646083604.1731296,2.47,31.5,
1646083604.3733926,2.47,31.75,
1646083604.5736635,2.324,31.5,
1646083604.7739258,2.324,31.5,
1646083604.9741824,2.531,31.5,
1646083605.1744473,2.531,31.5,
1646083605.374718,2.531,31.5,
1646083605.5749798,2.531,31.5,
1646083605.775239,2.531,31.5,
1646083605.9755023,2.454,31.5,
1646083606.175762,2.454,31.5,
1646083606.3760257,2.454,31.5,
1646083606.576285,2.454,31.5,
1646083606.7765412,2.454,31.25,
1646083606.976799,2.454,31.25,
1646083607.1770508,2.454,31.25,
1646083607.377321,2.408,31.25,
1646083607.5775785,2.408,31.5,
1646083607.7778347,2.408,31.25,
1646083607.9780931,2.408,31.25,
1646083608.1783547,2.366,31.25,
1646083608.3786223,2.366,31.25,
1646083608.578883,2.366,31.25,
1646083608.7791493,2.481,31.25,
1646083608.9794114,2.481,31.25,
1646083609.1796632,2.481,31.25,
1646083609.3799362,2.481,31.25,
1646083609.5802007,2.481,31.25,
1646083609.7804656,2.481,31.25,
1646083609.9807227,2.481,31.25,
1646083610.18098,2.481,31.25,
1646083610.3812442,2.481,31.25,
1646083610.5815146,2.481,31.25,
1646083610.7817783,2.481,31.25,
1646083610.982046,2.481,31.25,
1646083611.182309,2.481,31.25,
1646083611.3826075,2.477,31.25,
1646083611.582886,2.477,31.25,
1646083611.7831473,2.321,31.25,
1646083611.9834113,2.321,31.25,
1646083612.1836739,2.321,31.25,
1646083612.383936,2.321,31.25,
1646083612.5841959,2.321,31.25,
1646083612.7844572,2.523,31.25,
1646083612.9847186,2.523,31.25,
1646083613.1849754,2.523,31.25,
1646083613.3852415,2.523,31.25,
1646083613.5855007,2.523,31.25,
1646083613.7857623,2.496,31.25,
1646083613.986028,2.496,31.25,
1646083614.1862826,2.496,31.25,
1646083614.3865445,2.496,31.25,
1646083614.586805,2.496,31.25,
1646083614.787057,2.496,31.25,
1646083614.98732,2.55,31.25,
1646083615.1875827,2.55,31.25,
1646083615.3878605,2.55,31.25,
1646083615.5881233,2.55,31.25,
1646083615.7883797,2.55,31.25,
1646083615.988642,2.55,31.25,
1646083616.1888988,2.42,31.25,
1646083616.3891687,2.42,31.25,
1646083616.5894296,2.42,31.25,
1646083616.7896922,2.328,31.25,
1646083616.9899588,2.328,31.25,
1646083617.190224,2.328,31.25,
1646083617.3904927,2.328,31.25,
1646083617.5907593,2.328,31.25,
1646083617.7910006,2.328,31.25,
1646083617.9912648,2.473,31.25,
1646083618.191528,2.473,31.25,
1646083618.3917906,2.473,31.25,
1646083618.5920498,2.473,31.25,
1646083618.7923055,2.473,31.25,
1646083618.992564,2.462,31.25,
1646083619.1928155,2.462,31.25,
1646083619.3930933,2.462,31.25,
1646083619.5933485,2.462,31.25,
1646083619.7936049,2.5,31.25,
1646083619.993862,2.5,31.25,
1646083620.194119,2.5,31.25,
1646083620.394379,2.5,31.25,
1646083620.5946465,2.5,31.25,
1646083620.794907,2.496,31.25,
1646083620.995177,2.496,31.25,
1646083621.19544,2.496,31.25,
1646083621.3957093,2.496,31.25,
1646083621.5959675,2.496,31.25,
1646083621.7962208,2.458,31.25,
1646083621.9964967,2.458,31.25,
1646083622.1967595,2.458,31.25,
1646083622.3970187,2.458,31.25,
1646083622.597276,2.458,31.25,
1646083622.7975285,2.458,31.25,
1646083622.997792,2.527,31.0,
1646083623.198045,2.527,31.25,
1646083623.3983092,2.527,31.0,
1646083623.598603,2.527,31.25,
1646083623.7988691,2.527,31.25,
1646083623.9991405,2.466,31.25,
1646083624.199407,2.466,31.0,
1646083624.3996806,2.466,31.25,
1646083624.5999465,2.466,31.25,
1646083624.8002164,2.466,30.75,
1646083625.000478,2.466,31.25,
1646083625.2007406,2.466,30.75,
1646083625.4010072,2.466,31.0,
1646083625.6012695,2.466,31.25,
1646083625.8015323,2.382,31.0,
1646083626.0017977,2.382,31.0,
1646083626.202062,2.382,30.5,
1646083626.4023252,2.382,31.0,
1646083626.6025963,2.382,31.25,
1646083626.8028567,2.382,30.75,
1646083627.0031197,2.382,30.75,
1646083627.203376,2.492,31.0,
1646083627.4036486,2.492,30.75,
1646083627.6039126,2.492,31.0,
1646083627.80417,2.492,30.5,
1646083628.0044403,2.473,30.5,
1646083628.2047033,2.473,30.75,
1646083628.4049761,2.473,31.0,
1646083628.6052423,2.473,30.5,
1646083628.8055024,2.344,30.5,
1646083629.0057697,2.344,30.5,
1646083629.2060344,2.344,30.5,
1646083629.4063044,2.344,30.5,
1646083629.6065657,2.344,30.75,
1646083629.8068209,2.485,30.75,
1646083630.0070863,2.485,30.5,
1646083630.2073505,2.485,30.5,
1646083630.4076157,2.485,30.5,
1646083630.6078753,2.485,30.5,
1646083630.808136,2.485,30.25,
1646083631.008391,2.485,30.5,
1646083631.2086549,2.485,30.5,
1646083631.4089243,2.485,30.5,
1646083631.6091795,2.485,30.5,
1646083631.8094394,2.485,30.75,
1646083632.0096924,2.485,30.5,
1646083632.2099464,2.485,30.5,
1646083632.4102051,2.485,30.5,
1646083632.610467,2.485,30.5,
1646083632.8107252,2.485,30.5,
1646083633.010985,2.416,30.5,
1646083633.2112448,2.416,30.5,
1646083633.4115162,2.416,30.75,
1646083633.6117723,2.416,30.75,
1646083633.8120282,2.504,31.0,
1646083634.0122921,2.504,30.5,
1646083634.212544,2.504,30.25,
1646083634.4128053,2.504,30.75,
1646083634.6130679,2.504,30.75,
1646083634.8133245,2.504,30.5,
1646083635.0135863,2.496,30.5,
1646083635.2138424,2.496,30.25,
1646083635.4141145,2.496,30.5,
1646083635.614378,2.496,30.5,
1646083635.814641,2.531,30.75,
1646083636.014909,2.531,30.5,
1646083636.215171,2.531,30.25,
1646083636.4154453,2.531,30.25,
1646083636.61571,2.531,30.5,
1646083636.8159761,2.531,30.5,
1646083637.0162425,2.508,30.5,
1646083637.2165055,2.508,30.5,
1646083637.4167712,2.508,30.5,
1646083637.6170382,2.508,30.25,
1646083637.817301,2.267,30.25,
1646083638.017566,2.267,30.5,
1646083638.217826,2.267,30.25,
1646083638.4180875,2.267,30.25,
1646083638.6183453,2.267,30.5,
1646083638.8186033,2.267,30.25,
1646083639.0188677,2.267,30.25,
1646083639.2191257,2.42,30.25,
1646083639.41939,2.42,30.25,
1646083639.6196454,2.42,30.25,
1646083639.8199108,2.42,30.25,
1646083640.0201707,2.431,30.25,
1646083640.2204354,2.431,30.25,
1646083640.4206991,2.431,30.25,
1646083640.6209655,2.431,30.25,
1646083640.8212273,2.344,30.5,
1646083641.0214922,2.344,30.25,
1646083641.2217445,2.344,30.25,
1646083641.4220119,2.344,30.25,
1646083641.622277,2.344,30.5,
1646083641.8225367,2.512,30.5,
1646083642.0228052,2.512,30.5,
1646083642.2230682,2.512,30.25,
1646083642.4233396,2.512,30.25,
1646083642.623608,2.512,30.25,
1646083642.8238738,2.466,30.25,
1646083643.024137,2.466,30.25,
1646083643.2244053,2.466,30.25,
1646083643.4246745,2.466,30.25,
1646083643.624942,2.466,30.25,
1646083643.8251956,2.431,30.25,
1646083644.0254576,2.431,30.25,
1646083644.2257102,2.431,30.25,
1646083644.4259725,2.431,30.25,
1646083644.626234,2.431,30.5,
1646083644.8264933,2.431,30.25,
1646083645.02676,2.481,30.25,
1646083645.227029,2.481,30.25,
1646083645.427299,2.481,30.25,
1646083645.6275687,2.481,30.25,
1646083645.827835,2.481,30.25,
1646083646.0280979,2.481,30.25,
1646083646.2283566,2.481,30.25,
1646083646.4286244,2.481,30.25,
1646083646.6288888,2.481,30.25,
1646083646.8291495,2.481,30.25,
1646083647.029411,2.481,30.25,
1646083647.2296686,2.431,30.25,
1646083647.4299362,2.431,30.25,
1646083647.6301973,2.431,30.25,
1646083647.8304522,2.431,30.25,
1646083648.0307193,2.313,30.25,
1646083648.230978,2.313,30.25,
1646083648.4312425,2.313,30.25,
1646083648.631502,2.313,30.25,
1646083648.8317556,2.313,30.25,
1646083649.0320199,2.435,30.25,
1646083649.232273,2.435,30.25,
1646083649.4325423,2.435,30.25,
1646083649.6328163,2.435,30.25,
1646083649.8330746,2.435,30.25,
1646083650.0333388,2.405,30.25,
1646083650.2336047,2.405,30.25,
1646083650.4338725,2.405,30.25,
1646083650.6341388,2.405,30.25,
1646083650.8343914,2.386,30.25,
1646083651.0346525,2.386,30.25,
1646083651.2349114,2.386,30.25,
1646083651.4351788,2.386,30.25,
1646083651.6354423,2.386,30.25,
1646083651.835698,2.439,30.25,
1646083652.0359583,2.439,30.25,
1646083652.2362113,2.439,30.25,
1646083652.4364748,2.439,30.25,
1646083652.636741,2.439,30.25,
1646083652.8369973,2.439,30.25,
1646083653.0372534,2.428,30.25,
1646083653.2375104,2.428,30.25,
1646083653.4377732,2.428,30.25,
1646083653.6380272,2.428,30.25,
1646083653.83828,2.359,30.25,
1646083654.0385442,2.359,30.25,
1646083654.238807,2.359,30.25,
1646083654.439082,2.359,30.25,
1646083654.6393473,2.359,30.25,
1646083654.839613,2.424,30.25,
1646083655.0398808,2.424,30.25,
1646083655.2401488,2.424,30.25,
1646083655.440417,2.424,30.25,
1646083655.640692,2.424,30.25,
1646083655.8409455,2.508,30.25,
1646083656.0412066,2.508,30.25,
1646083656.241468,2.508,30.25,
1646083656.4417334,2.508,30.25,
1646083656.6419916,2.508,30.25,
1646083656.8422527,2.508,30.25,
1646083657.0425117,2.508,30.25,
1646083657.242767,2.508,30.25,
1646083657.4430377,2.508,30.25,
1646083657.6433024,2.508,30.25,
1646083657.8435602,2.508,30.25,
1646083658.0438073,2.508,30.25,
1646083658.2440703,2.424,30.25,
1646083658.4443426,2.424,30.25,
1646083658.644614,2.424,30.25,
1646083658.8448792,2.424,30.25,
1646083659.0451396,2.424,30.25,
1646083659.2454078,2.424,30.25,
1646083659.445677,2.424,30.25,
1646083659.6459405,2.424,30.25,
1646083659.8462012,2.424,30.25,
1646083660.046462,2.424,30.25,
1646083660.246728,2.45,30.25,
1646083660.4470005,2.45,30.25,
1646083660.6472602,2.45,30.25,
1646083660.8475146,2.317,30.25,
1646083661.04778,2.317,30.25,
1646083661.2480426,2.317,30.25,
1646083661.4483113,2.317,30.25,
1646083661.648579,2.317,30.25,
1646083661.8488488,2.5,30.25,
1646083662.049118,2.5,30.25,
1646083662.2493796,2.5,30.25,
1646083662.4496658,2.5,30.25,
1646083662.6499324,2.5,30.25,
1646083662.8501918,2.5,30.25,
1646083663.0504491,2.553,30.25,
1646083663.250712,2.553,30.25,
1646083663.4509895,2.553,30.25,
1646083663.6512501,2.553,30.25,
1646083663.8515027,2.424,30.25,
1646083664.0517678,2.424,30.25,
1646083664.2520347,2.424,30.25,
1646083664.452301,2.424,30.25,
1646083664.6525683,2.424,30.25,
1646083664.8528376,2.447,30.25,
1646083665.0530934,2.447,30.25,
1646083665.253346,2.447,30.25,
1646083665.4536195,2.447,30.25,
1646083665.653881,2.447,30.25,
1646083665.8541396,2.447,30.25,
1646083666.0544076,2.431,30.25,
1646083666.2546737,2.431,30.25,
1646083666.454946,2.431,30.25,
1646083666.6552129,2.431,30.25,
1646083666.8554745,2.431,30.25,
1646083667.0557368,2.416,30.25,
1646083667.2560043,2.416,30.25,
1646083667.4562771,2.416,30.0,
1646083667.6565468,2.416,30.25,
1646083667.8568025,2.439,30.25,
1646083668.0570717,2.439,30.25,
1646083668.2573214,2.439,30.25,
1646083668.4575891,2.439,30.25,
1646083668.6578503,2.439,30.25,
1646083668.8581154,2.431,30.25,
1646083669.0583835,2.431,30.25,
1646083669.2586486,2.431,30.25,
1646083669.4589183,2.431,30.25,
1646083669.6591902,2.431,30.25,
1646083669.8594532,2.431,30.25,
1646083670.05972,2.431,30.0,
1646083670.2599814,2.431,30.0,
1646083670.460251,2.431,30.25,
1646083670.6605105,2.431,30.0,
1646083670.860782,2.431,30.0,
1646083671.0610454,2.431,30.0,
1646083671.261316,2.431,30.25,
1646083671.461584,2.431,30.0,
1646083671.6618466,2.378,30.25,
1646083671.8620973,2.378,30.0,
1646083672.062363,2.374,30.25,
1646083672.2626233,2.374,30.0,
1646083672.4628887,2.374,30.25,
1646083672.663152,2.374,30.0,
1646083672.8634152,2.458,30.25,
1646083673.0636766,2.458,30.25,
1646083673.2639456,2.458,30.0,
1646083673.4642086,2.458,30.25,
1646083673.6644635,2.458,30.25,
1646083673.8647075,2.519,30.25,
1646083674.0649683,2.519,30.25,
1646083674.2652214,2.519,30.25,
1646083674.4654846,2.519,30.25,
1646083674.665751,2.519,30.25,
1646083674.8660035,2.519,30.25,
1646083675.0662515,2.519,30.25,
1646083675.2665117,2.519,30.25,
1646083675.4667785,2.519,30.25,
1646083675.6670427,2.519,30.25,
1646083675.8673046,2.477,30.25,
1646083676.067578,2.477,30.0,
1646083676.2678304,2.477,30.25,
1646083676.4680865,2.477,30.25,
1646083676.668367,2.477,30.25,
1646083676.8686283,2.485,30.25,
1646083677.068892,2.485,30.25,
1646083677.2691488,2.485,30.25,
1646083677.4694204,2.485,30.25,
1646083677.6697378,2.485,30.25,
1646083677.8699994,2.485,30.25,
1646083678.0702634,2.485,30.25,
1646083678.2705245,2.447,30.25,
1646083678.4708133,2.447,30.25,
1646083678.6710749,2.447,30.25,
1646083678.8713374,2.447,30.25,
1646083679.0715854,2.279,30.25,
1646083679.2718549,2.279,29.75,
1646083679.4721189,2.279,30.25,
1646083679.6723819,2.279,30.25,
1646083679.8726492,2.481,30.25,
1646083680.0729103,2.481,30.25,
1646083680.2731738,2.481,30.25,
1646083680.4734402,2.481,30.25,
1646083680.673707,2.481,30.25,
1646083680.873985,2.481,30.25,
1646083681.0742452,2.47,30.25,
1646083681.2745087,2.47,30.25,
1646083681.4747765,2.47,30.25,
1646083681.675044,2.47,30.25,
1646083681.8753047,2.47,30.25,
1646083682.075573,2.47,30.25,
1646083682.275835,2.47,30.25,
1646083682.4761016,2.47,30.25,
1646083682.6763728,2.47,30.25,
1646083682.876657,2.454,30.25,
1646083683.0769231,2.454,30.25,
1646083683.2771854,2.454,30.25,
1646083683.4774537,2.454,30.25,
1646083683.6777158,2.454,30.25,
1646083683.8779762,2.431,30.25,
1646083684.0782344,2.431,30.25,
1646083684.2784867,2.431,30.25,
1646083684.4787562,2.431,30.25,
1646083684.6790257,2.431,30.25,
1646083684.8792825,2.462,30.25,
1646083685.0795362,2.462,30.25,
1646083685.2797887,2.462,30.25,
1646083685.4800534,2.462,30.25,
1646083685.6803095,2.462,30.25,
1646083685.8805635,2.47,30.25,
1646083686.080826,2.47,30.25,
1646083686.2810771,2.47,30.25,
1646083686.481377,2.47,30.25,
1646083686.6816354,2.47,30.25,
1646083686.8818903,2.466,30.25,
1646083687.0821552,2.466,30.25,
1646083687.2824097,2.466,30.25,
1646083687.4826794,2.466,30.25,
1646083687.6829364,2.466,30.25,
1646083687.883191,2.523,30.25,
1646083688.0834744,2.523,30.25,
1646083688.283732,2.523,30.25,
1646083688.484031,2.523,30.25,
1646083688.684305,2.523,30.25,
1646083688.8845642,2.523,30.25,
1646083689.0848293,2.523,30.25,
1646083689.285092,2.523,30.25,
1646083689.4853554,2.523,30.25,
1646083689.6856148,2.523,30.25,
1646083689.8858676,2.359,30.25,
1646083690.086137,2.359,30.25,
1646083690.2863877,2.359,30.25,
1646083690.486679,2.359,30.25,
1646083690.6869373,2.359,30.25,
1646083690.8871944,2.359,30.25,
1646083691.087449,2.45,30.25,
1646083691.2876997,2.45,30.25,
1646083691.487981,2.45,30.25,
1646083691.6882405,2.473,30.25,
1646083691.8884952,2.473,30.25,
1646083692.0887532,2.473,30.25,
1646083692.2890167,2.473,30.25,
1646083692.489279,2.473,30.25,
1646083692.6895342,2.473,30.25,
1646083692.8897882,2.378,30.25,
1646083693.090046,2.378,30.0,
1646083693.2903013,2.378,30.25,
1646083693.4905634,2.378,30.0,
1646083693.6908224,2.378,30.25,
1646083693.8910723,2.378,30.0,
1646083694.091343,2.393,30.25,
1646083694.2916052,2.393,30.25,
1646083694.4918697,2.393,30.25,
1646083694.6921265,2.393,30.25,
1646083694.8923965,2.37,30.25,
1646083695.0926576,2.37,30.25,
1646083695.292918,2.37,30.25,
1646083695.4931848,2.37,30.25,
1646083695.693443,2.37,30.25,
1646083695.8936946,2.37,30.25,
1646083696.0939608,2.328,30.25,
1646083696.294218,2.328,30.25,
1646083696.494481,2.328,30.25,
1646083696.6947455,2.328,30.25,
1646083696.8949997,2.328,30.25,
1646083697.0952628,2.485,30.25,
1646083697.295517,2.485,30.25,
1646083697.495783,2.485,30.25,
1646083697.6960475,2.416,30.25,
1646083697.8963108,2.416,30.25,
1646083698.0965662,2.416,29.75,
1646083698.2968225,2.416,30.25,
1646083698.497088,2.416,30.0,
1646083698.6973515,2.416,30.25,
1646083698.8976068,2.416,30.25,
1646083699.0978696,2.416,30.25,
1646083699.2981253,2.416,29.75,
1646083699.4983878,2.416,30.25,
1646083699.698649,2.386,30.25,
1646083699.8989072,2.386,30.25,
1646083700.0991673,2.386,30.25,
1646083700.2994168,2.397,30.25,
1646083700.499687,2.397,30.25,
1646083700.6999464,2.397,30.25,
1646083700.9002073,2.37,30.25,
1646083701.1004605,2.37,30.25,
1646083701.3007154,2.37,30.25,
1646083701.5009837,2.37,30.25,
1646083701.7012427,2.37,30.25,
1646083701.9015057,2.5,30.25,
1646083702.101761,2.5,30.25,
1646083702.3020177,2.5,30.25,
1646083702.5022814,2.5,30.25,
1646083702.7025487,2.5,30.25,
1646083702.9028084,2.378,30.25,
1646083703.1030746,2.378,30.25,
1646083703.303336,2.378,30.25,
1646083703.5035987,2.378,30.25,
1646083703.7038527,2.378,30.25,
1646083703.9041128,2.466,30.25,
1646083704.1043756,2.466,30.25,
1646083704.3046274,2.466,30.25,
1646083704.5048943,2.466,30.25,
1646083704.7051613,2.466,30.25,
1646083704.9054232,2.466,30.25,
1646083705.1056871,2.466,30.25,
1646083705.3059475,2.466,30.25,
1646083705.5062168,2.466,30.25,
1646083705.7064776,2.466,29.75,
1646083705.906736,2.466,30.25,
1646083706.1069937,2.466,30.25,
1646083706.3072557,2.466,30.25,
1646083706.5075257,2.466,30.25,
1646083706.707788,2.466,30.25,
1646083706.9080455,2.466,30.25,
1646083707.1083028,2.466,30.25,
1646083707.308564,2.466,30.25,
1646083707.5088263,2.466,30.25,
1646083707.7090816,2.466,30.25,
1646083707.9093654,2.466,30.25,
1646083708.1096342,2.466,30.25,
1646083708.3098967,2.466,30.25,
1646083708.5101585,2.477,30.25,
1646083708.710416,2.477,30.25,
1646083708.9106736,2.47,30.25,
1646083709.1109335,2.47,30.25,
1646083709.311189,2.47,30.25,
1646083709.511462,2.47,30.25,
1646083709.7117286,2.515,30.25,
1646083709.9119937,2.515,30.25,
1646083710.1122508,2.515,30.25,
1646083710.3125148,2.515,30.25,
1646083710.5127816,2.515,30.25,
1646083710.7130303,2.485,30.25,
1646083710.9132955,2.485,30.25,
1646083711.113559,2.485,30.25,
1646083711.3138177,2.485,30.25,
1646083711.5140932,2.485,30.25,
1646083711.714359,2.485,30.25,
1646083711.914626,2.47,30.25,
1646083712.1148918,2.47,30.25,
1646083712.3151572,2.47,30.25,
1646083712.515425,2.47,30.25,
1646083712.7156985,2.47,30.25,
1646083712.9159636,2.47,30.25,
1646083713.1162245,2.496,30.25,
1646083713.3164904,2.496,30.25,
1646083713.5167582,2.496,30.25,
1646083713.7170188,2.496,30.25,
1646083713.91728,2.435,30.0,
1646083714.117542,2.435,30.0,
1646083714.317808,2.435,30.0,
1646083714.5180879,2.435,30.25,
1646083714.7183552,2.435,30.25,
1646083714.9186196,2.435,30.0,
1646083715.1188884,2.389,30.25,
1646083715.3191485,2.389,30.25,
1646083715.5194223,2.389,30.25,
1646083715.7196898,2.389,30.0,
1646083715.9199538,2.321,30.25,
1646083716.1202204,2.321,30.0,
1646083716.3204842,2.321,29.75,
1646083716.5207562,2.321,30.0,
1646083716.721022,2.321,30.25,
1646083716.9212844,2.424,30.25,
1646083717.1215441,2.424,30.25,
1646083717.3218086,2.424,30.25,
1646083717.5220785,2.424,30.25,
1646083717.7223501,2.424,30.25,
1646083717.9226146,2.397,30.0,
1646083718.1228752,2.397,30.25,
1646083718.3231387,2.397,30.0,
1646083718.5234144,2.397,30.0,
1646083718.7236772,2.397,30.25,
1646083718.9239392,2.397,30.25,
1646083719.1241994,2.431,30.25,
1646083719.3244612,2.431,30.25,
1646083719.524729,2.431,30.25,
1646083719.7249937,2.309,30.25,
1646083719.9252596,2.309,30.25,
1646083720.1255186,2.309,30.25,
1646083720.3257785,2.309,30.0,
1646083720.5260515,2.309,30.0,
1646083720.7263138,2.309,29.75,
1646083720.926609,2.416,30.0,
1646083721.126879,2.416,30.0,
1646083721.327134,2.416,30.25,
1646083721.5273995,2.416,30.25,
1646083721.7276678,2.416,30.25,
1646083721.9279299,2.534,30.25,
1646083722.1281934,2.534,30.0,
1646083722.3284533,2.534,29.75,
1646083722.5287209,2.534,30.25,
1646083722.7289891,2.534,30.0,
1646083722.929249,2.466,30.25,
1646083723.1295092,2.466,30.25,
1646083723.3297668,2.466,30.0,
1646083723.530039,2.466,30.0,
1646083723.7303004,2.466,30.25,
1646083723.9305928,2.424,30.0,
1646083724.1308603,2.424,30.0,
1646083724.331127,2.424,30.0,
1646083724.5313993,2.424,30.25,
1646083724.7316642,2.424,30.25,
1646083724.9319263,2.435,30.25,
1646083725.1321898,2.435,30.0,
1646083725.3324583,2.435,30.0,
1646083725.5327287,2.435,30.25,
1646083725.7329955,2.435,30.25,
1646083725.9332583,2.435,30.25,
1646083726.1335309,2.458,30.25,
